Workbook
Name A: Naming!#REF!
Name A: Naming!#REF!
Name A: Naming!#REF!
Name Cao_trinh_Vi_tri: Naming!$G$4:$G$16
Name Don_vi_khoi_tao: Naming!$C$4:$C$8
Name Du_an: Naming!$A$4:$A$7
Name Khoi_tich: Naming!$E$4:$E$30
Name Loai_Kieu: Naming!$M$4:$M$33
Name So_thu_tu: Naming!$O$4:$O$5
Name Vai_tro_dam_nhiem: Naming!#REF!
Name Vai_tro_dam_nhiem: Naming!#REF!
Name Vai_tro_dam_nhiem: Naming!#REF!
Name Vai_tro_dam_nhiem: Naming!#REF!
Name Vai_tro_dam_nhiem: Naming!#REF!

Sheet Cover
B4: KẾ HOẠCH CHUYỂN GIAO THÔNG TIN TỔNG THỂ (MIDP)
B7: Phiên bản | C7: Ngày | D7: Người lập | E7: Người phê duyệt | F7: Mô tả
B8: 1.0 | C8: 14/8/2025 | D8: Nguyễn Quốc Anh

Sheet Naming
B1: DANH SÁCH MÃ QUẢN LÝ CỦA DỰ ÁN
A3: Mã | B3: Dự án | C3: Mã | D3: Đơn vị khởi tạo | E3: Mã | F3: Bộ môn | G3: Mã | H3: Tòa nhà | I3: Mã | J3: Nhóm tầng | K3: Mã | L3: Tầng | M3: Mã | N3: Loại/ Kiểu | O3: Mã | P3: Số thứ tự
A4: NO-11 | B4: NHÀ Ở CHUNG CƯ CAO TẦNG TẠI Ô ĐẤT KÝ HIỆU NO-11 | C4: LID | D4: Công ty Cổ phần phát triển đô thị Từ Liêm - LIDECO | E4: FEDE | F4: Tất cả bộ môn | G4: ZZ | H4: Tất cả các tòa | I4: ZZZ | J4: Tất cả nhóm tầng | K4: 01-03 | L4: Tầng 1 - tầng 3 | M4: DR | N4: Bản vẽ 2D | O4: 0001
C5: PAY | D5: Công ty TNHH Paysart Hà Nội | E5: XXXX | F5: không áp dụng bộ môn | G5: XX | H5: Không liên quan tòa nhà | I5: XXX | J5: Không liên quan nhóm tầng | K5: 04-13 | L5: Tầng 4 đến tầng 13 | M5: M3 | N5: Mô hình 3D | O5: 0002
C6: CIC | D6: Công ty CP Công nghệ & Tư vấn CIC | E6: STRU | F6: Kết cấu | G6: CC | H6: Chung cư | I6: POD | J6: Khối đế | K6: 14-28 | L6: Tầng 14 đến tầng 28 | M6: BQ | N6: Bills of Quantity | O6: 0003
C7: FIR | D7: Công ty Cổ phần Firecom | E7: ARCH | F7: Kiến trúc | G7: NN | H7: Ngoài nhà | I7: TOW | J7: Khối tháp | K7: 29-RO | L7: Tầng 29 đến mái | M7: CO | N7: Biên bản họp
E8: MEPF | F8: Cơ điện | I8: BAS | J8: Nhóm tầng hầm | K8: 04-16 | L8: Tầng 4 đến tầng 16 | M8: RI | N8: Yêu cầu thông tin
E9: HVAC | F9: Điều hòa thông gió | K9: 17-RO | L9: Tầng 17 đến mái | M9: RP | N9: Báo cáo
E10: PLUM | F10: Cấp thoát nước | K10: B1 | L10: Tầng hầm 1 | M10: SH | N10: Tiến độ
E11: FIRE | F11: Phòng cháy chữa cháy | K11: B2 | L11: Tầng hầm 2 | M11: PL | N11: Kế hoạch
E12: ELEC | F12: Điện | K12: M01 | L12: Tầng lửng trên tầng 1 | M12: SP | N12: Specification
E13: LAND | F13: Cảnh quan | K13: M02 | L13: Tầng lửng trên tầng 2 | M13: SU | N13: Khảo sát
E14: CIVI | F14: Hạ tầng ngoài nhà | K14: ZZ | L14: Tất cả các tầng | M14: VI | N14: Video
E15: STAR | F15: Kiến trúc & Kết cấu | K15: XX | L15: Không liên quan đến tầng | M15: PI | N15: Hình ảnh
K16: 01 | L16: Tầng 1 | M16: TR | N16: Đào tạo, hướng dẫn
K17: 02 | L17: Tầng 2
A39: Ghi chú: Các mã có thể được mở rộng theo dự án | C39: Ghi chú: Các mã có thể được mở rộng theo dự án | E39: Ghi chú: Các mã có thể được mở rộng theo dự án | G39: Ghi chú: Các mã có thể được mở rộng theo dự án | I39: Ghi chú: Các mã có thể được mở rộng theo dự án | K39: Ghi chú: Các mã có thể được mở rộng theo dự án | M39: Ghi chú: Các mã có thể được mở rộng theo dự án | O39: Ghi chú: Các mã có thể được mở rộng theo dự án

Sheet MIDP
B2: KẾ HOẠCH CHUYỂN GIAO THÔNG TIN TỔNG THỂ (MIDP)
B4: Số hiệu Dự án | C4: =+Naming!A4 -> NO-11
B5: Tiêu đề dự án | C5: =+Naming!B4 -> NHÀ Ở CHUNG CƯ CAO TẦNG TẠI Ô ĐẤT KÝ HIỆU NO-11
B6: Ngày khởi tạo | C6: 17/02/2026
B7: Ngày cập nhật lần cuối | C7: 24/04/2026
B8: Phiên bản | C8: P02
U9: Giai đoạn chuyển giao thông tin
B10: TÀI LIỆU | C10: BỘ MÔN | D10: MÔ TẢ | E10: LOẠI DỮ LIỆU | F10: THỰC HIỆN | G10: ĐỊNH DẠNG TỆP TIN | H10: DỰ ÁN | I10: MÃ TÁC GIẢ | J10: BỘ MÔN | K10: TÒA NHÀ | L10: NHÓM TẦNG | M10: TẦNG | N10: LOẠI/ KIỂU | O10: SỐ THỨ TỰ | P10: VAI TRÒ | Q10: PHÂN LOẠI | R10: TÊN TỆP TIN (tự động) | S10: Số bản vẽ | T10: Tên bản vẽ | U10: Bên khởi tạo | V10: Ngày chuyển giao Dự kiến | W10: Ngày chuyển giao thực tế lần đầu | X10: Ngày chuyển giao thực tế gần nhất | Y10: Phiên bản | Z10: Ngày chuyển giao lần 2 thực tế
B12: 1. Dữ liệu thiết kế
B13: Hồ sơ và dữ liệu thiết kế | D13: Khảo sát địa hình | E13: Báo cáo | G13: PDF | H13: NO-11 | I13: PAY | J13: XXXX | K13: XX | L13: XXX | M13: XX | N13: RP | O13: 0001 | R13: =IF(H13="","_",CONCATENATE(H13,"_",I13,"_",J13,"_",K13,"_",L13,"_",M13,"_",N13,"_",O13)) -> NO-11_PAY_XXXX_XX_XXX_XX_RP_0001 | U13: PAY
D14: Khảo sát địa chất | E14: Báo cáo | G14: PDF | H14: NO-11 | I14: PAY | J14: XXXX | K14: XX | L14: XXX | M14: XX | N14: RP | O14: 0002 | R14: =IF(H14="","_",CONCATENATE(H14,"_",I14,"_",J14,"_",K14,"_",L14,"_",M14,"_",N14,"_",O14)) -> NO-11_PAY_XXXX_XX_XXX_XX_RP_0002 | U14: PAY
D15: Thuyết minh thiết kế | E15: Báo cáo | G15: PDF | H15: NO-11 | I15: PAY | J15: XXXX | K15: XX | L15: XXX | M15: XX | N15: RP | O15: 0003 | R15: =IF(H15="","_",CONCATENATE(H15,"_",I15,"_",J15,"_",K15,"_",L15,"_",M15,"_",N15,"_",O15)) -> NO-11_PAY_XXXX_XX_XXX_XX_RP_0003 | U15: PAY
D16: Bảng tính kết cấu | E16: Tính toán | G16: PDF | H16: NO-11 | I16: PAY | J16: STRU | K16: XX | L16: XXX | M16: XX | N16: RP | O16: 0001 | R16: =IF(H16="","_",CONCATENATE(H16,"_",I16,"_",J16,"_",K16,"_",L16,"_",M16,"_",N16,"_",O16)) -> NO-11_PAY_STRU_XX_XXX_XX_RP_0001 | U16: PAY
D17: Bản vẽ thiết kế thi công | E17: Bản vẽ 2D | G17: PDF | H17: NO-11 | I17: PAY | J17: FEDE | K17: XX | L17: XXX | M17: XX | N17: M2 | O17: 0001 | R17: =IF(H17="","_",CONCATENATE(H17,"_",I17,"_",J17,"_",K17,"_",L17,"_",M17,"_",N17,"_",O17)) -> NO-11_PAY_FEDE_XX_XXX_XX_M2_0001 | U17: PAY
D18: Form BoQ KTKC | E18: Báo cáo | G18: xlsx | H18: NO-11 | I18: PAY | J18: STAR | K18: ZZ | L18: ZZZ | M18: ZZ | N18: BQ | O18: 0001 | R18: =IF(H18="","_",CONCATENATE(H18,"_",I18,"_",J18,"_",K18,"_",L18,"_",M18,"_",N18,"_",O18)) -> NO-11_PAY_STAR_ZZ_ZZZ_ZZ_BQ_0001 | U18: PAY | X18: 21/04/2026
D19: Form BoQ Cơ điện (Không bao gồm PCCC) | E19: Báo cáo | G19: xlsx | H19: NO-11 | I19: PAY | J19: MEPF | K19: ZZ | L19: ZZZ | M19: ZZ | N19: BQ | O19: 0001 | R19: =IF(H19="","_",CONCATENATE(H19,"_",I19,"_",J19,"_",K19,"_",L19,"_",M19,"_",N19,"_",O19)) -> NO-11_PAY_MEPF_ZZ_ZZZ_ZZ_BQ_0001 | U19: PAY | X19: 17/04/2026
D20: Form BoQ PCCC | E20: Báo cáo | G20: xlsx | H20: NO-11 | I20: FIR | J20: FIRE | K20: ZZ | L20: ZZZ | M20: ZZ | N20: BQ | O20: 0001 | R20: =IF(H20="","_",CONCATENATE(H20,"_",I20,"_",J20,"_",K20,"_",L20,"_",M20,"_",N20,"_",O20)) -> NO-11_FIR_FIRE_ZZ_ZZZ_ZZ_BQ_0001 | U20: FIR | X20: 17/04/2026
D21: Chỉ dẫn kỹ thuật của dự án | E21: Báo cáo | G21: PDF | H21: NO-11 | I21: PAY | J21: XXXX | K21: XX | L21: XXX | M21: XX | N21: SP | O21: 0001 | R21: =IF(H21="","_",CONCATENATE(H21,"_",I21,"_",J21,"_",K21,"_",L21,"_",M21,"_",N21,"_",O21)) -> NO-11_PAY_XXXX_XX_XXX_XX_SP_0001 | U21: PAY
B22: 2. Kế hoạch và thủ tục | R22: =IF(H22="","_",CONCATENATE(H22,"_",I22,"_",J22,"_",K22,"_",L22,"_",M22,"_",N22,"_",O22)) -> _
B23: Kế hoạch triển khai BIM - BEP | D23: Kế hoạch triển khai BIM | E23: Tài liệu | G23: PDF | H23: NO-11 | I23: CIC | J23: XXXX | K23: XX | L23: XXX | M23: XX | N23: PL | O23: 0001 | R23: =IF(H23="","_",CONCATENATE(H23,"_",I23,"_",J23,"_",K23,"_",L23,"_",M23,"_",N23,"_",O23)) -> NO-11_CIC_XXXX_XX_XXX_XX_PL_0001 | U23: CIC | V23: 27/01/2026 | X23: 10/03/2026 | Y23: 01
D24: Phụ lục về thông tin phi hình học | E24: Tài liệu | G24: PDF | H24: NO-11 | I24: CIC | J24: XXXX | K24: XX | L24: XXX | M24: XX | N24: PL | O24: 0002 | R24: =IF(H24="","_",CONCATENATE(H24,"_",I24,"_",J24,"_",K24,"_",L24,"_",M24,"_",N24,"_",O24)) -> NO-11_CIC_XXXX_XX_XXX_XX_PL_0002 | U24: CIC | V24: 27/01/2026 | X24: 10/03/2026 | Y24: 01
D25: Phụ lục MIDP | E25: Tài liệu | G25: PDF | H25: NO-11 | I25: CIC | J25: XXXX | K25: XX | L25: XXX | M25: XX | N25: PL | O25: 0003 | R25: =IF(H25="","_",CONCATENATE(H25,"_",I25,"_",J25,"_",K25,"_",L25,"_",M25,"_",N25,"_",O25)) -> NO-11_CIC_XXXX_XX_XXX_XX_PL_0003 | U25: CIC | V25: 27/01/2026 | X25: 13/03/2026 | Y25: 02
B26: Đào tạo | D26: Hướng dẫn sử dụng CDE | E26: Tài liệu | G26: PDF | H26: NO-11 | I26: CIC | J26: XXXX | K26: XX | L26: XXX | M26: XX | N26: TR | O26: 0001 | R26: =IF(H26="","_",CONCATENATE(H26,"_",I26,"_",J26,"_",K26,"_",L26,"_",M26,"_",N26,"_",O26)) -> NO-11_CIC_XXXX_XX_XXX_XX_TR_0001 | U26: CIC
B27: 3. Mô hình | R27: =IF(H27="","_",CONCATENATE(H27,"_",I27,"_",J27,"_",K27,"_",L27,"_",M27,"_",N27,"_",O27)) -> _
B28: Mô hình phần hầm khối chung cư | C28: Kết cấu | D28: Mô hình kết cấu phần hầm | E28: Mô hình 3D | G28: RVT, NWC, IFC | H28: NO-11 | I28: CIC | J28: STRU | K28: CC | L28: BAS | M28: ZZ | N28: M3 | O28: 0001 | R28: =IF(H28="","_",CONCATENATE(H28,"_",I28,"_",J28,"_",K28,"_",L28,"_",M28,"_",N28,"_",O28)) -> NO-11_CIC_STRU_CC_BAS_ZZ_M3_0001 | U28: CIC | V28: 07/02/2026 | W28: 03/03/2026 | X28: 08/04/2026 | Y28: 04
C29: Kiến trúc | D29: Mô hình kiến trúc phần hầm | E29: Mô hình 3D | G29: RVT, NWC, IFC | H29: NO-11 | I29: CIC | J29: ARCH | K29: CC | L29: BAS | M29: ZZ | N29: M3 | O29: 0001 | R29: =IF(H29="","_",CONCATENATE(H29,"_",I29,"_",J29,"_",K29,"_",L29,"_",M29,"_",N29,"_",O29)) -> NO-11_CIC_ARCH_CC_BAS_ZZ_M3_0001 | U29: CIC | V29: 07/02/2026 | W29: 03/03/2026 | X29: 08/04/2026 | Y29: 03
C30: Điều hòa thông gió | D30: Mô hình Điều hòa thông gió phần hầm | E30: Mô hình 3D | G30: RVT, NWC, IFC | H30: NO-11 | I30: CIC | J30: HVAC | K30: CC | L30: BAS | M30: ZZ | N30: M3 | O30: 0001 | R30: =IF(H30="","_",CONCATENATE(H30,"_",I30,"_",J30,"_",K30,"_",L30,"_",M30,"_",N30,"_",O30)) -> NO-11_CIC_HVAC_CC_BAS_ZZ_M3_0001 | U30: CIC | V30: 07/02/2026 | W30: 03/03/2026 | X30: 08/04/2026 | Y30: 03
C31: Cấp thoát nước | D31: Mô hình Cấp thoát nước phần hầm | E31: Mô hình 3D | G31: RVT, NWC, IFC | H31: NO-11 | I31: CIC | J31: PLUM | K31: CC | L31: BAS | M31: ZZ | N31: M3 | O31: 0001 | R31: =IF(H31="","_",CONCATENATE(H31,"_",I31,"_",J31,"_",K31,"_",L31,"_",M31,"_",N31,"_",O31)) -> NO-11_CIC_PLUM_CC_BAS_ZZ_M3_0001 | U31: CIC | V31: 07/02/2026 | W31: 03/03/2026 | X31: 08/04/2026 | Y31: 03
C32: Điện | D32: Mô hình Điện phần hầm | E32: Mô hình 3D | G32: RVT, NWC, IFC | H32: NO-11 | I32: CIC | J32: ELEC | K32: CC | L32: BAS | M32: ZZ | N32: M3 | O32: 0001 | R32: =IF(H32="","_",CONCATENATE(H32,"_",I32,"_",J32,"_",K32,"_",L32,"_",M32,"_",N32,"_",O32)) -> NO-11_CIC_ELEC_CC_BAS_ZZ_M3_0001 | U32: CIC | V32: 07/02/2026 | W32: 03/03/2026 | X32: 08/04/2026 | Y32: 03
C33: Phòng cháy chữa cháy | D33: Mô hình Phòng cháy chữa cháy phần hầm | E33: Mô hình 3D | G33: RVT, NWC, IFC | H33: NO-11 | I33: CIC | J33: FIRE | K33: CC | L33: BAS | M33: ZZ | N33: M3 | O33: 0001 | R33: =IF(H33="","_",CONCATENATE(H33,"_",I33,"_",J33,"_",K33,"_",L33,"_",M33,"_",N33,"_",O33)) -> NO-11_CIC_FIRE_CC_BAS_ZZ_M3_0001 | U33: CIC | V33: 07/02/2026 | W33: 03/03/2026 | X33: 08/04/2026 | Y33: 03
B34: Mô hình khu Podium khối chung cư | C34: Kết cấu | D34: Mô hình kết cấu khu Podium | E34: Mô hình 3D | G34: RVT, NWC, IFC | H34: NO-11 | I34: CIC | J34: STRU | K34: CC | L34: POD | M34: ZZ | N34: M3 | O34: 0001 | R34: =IF(H34="","_",CONCATENATE(H34,"_",I34,"_",J34,"_",K34,"_",L34,"_",M34,"_",N34,"_",O34)) -> NO-11_CIC_STRU_CC_POD_ZZ_M3_0001 | U34: CIC | V34: 13/02/2026 | W34: 06/03/2026 | X34: 08/04/2026 | Y34: 04
C35: Kiến trúc | D35: Mô hình kiến trúc khu Podium | E35: Mô hình 3D | G35: RVT, NWC, IFC | H35: NO-11 | I35: CIC | J35: ARCH | K35: CC | L35: POD | M35: ZZ | N35: M3 | O35: 0001 | R35: =IF(H35="","_",CONCATENATE(H35,"_",I35,"_",J35,"_",K35,"_",L35,"_",M35,"_",N35,"_",O35)) -> NO-11_CIC_ARCH_CC_POD_ZZ_M3_0001 | U35: CIC | V35: 13/02/2026 | W35: 06/03/2026 | X35: 08/04/2026 | Y35: 04
C36: Điều hòa thông gió | D36: Mô hình Điều hòa thông gió khu Podium | E36: Mô hình 3D | G36: RVT, NWC, IFC | H36: NO-11 | I36: CIC | J36: HVAC | K36: CC | L36: POD | M36: ZZ | N36: M3 | O36: 0001 | R36: =IF(H36="","_",CONCATENATE(H36,"_",I36,"_",J36,"_",K36,"_",L36,"_",M36,"_",N36,"_",O36)) -> NO-11_CIC_HVAC_CC_POD_ZZ_M3_0001 | U36: CIC | V36: 13/02/2026 | W36: 06/03/2026 | X36: 08/04/2026 | Y36: 04
C37: Cấp thoát nước | D37: Mô hình Cấp thoát nướckhu Podium | E37: Mô hình 3D | G37: RVT, NWC, IFC | H37: NO-11 | I37: CIC | J37: PLUM | K37: CC | L37: POD | M37: ZZ | N37: M3 | O37: 0001 | R37: =IF(H37="","_",CONCATENATE(H37,"_",I37,"_",J37,"_",K37,"_",L37,"_",M37,"_",N37,"_",O37)) -> NO-11_CIC_PLUM_CC_POD_ZZ_M3_0001 | U37: CIC | V37: 13/02/2026 | W37: 06/03/2026 | X37: 08/04/2026 | Y37: 03
C38: Điện | D38: Mô hình Điện khu Podium | E38: Mô hình 3D | G38: RVT, NWC, IFC | H38: NO-11 | I38: CIC | J38: ELEC | K38: CC | L38: POD | M38: ZZ | N38: M3 | O38: 0001 | R38: =IF(H38="","_",CONCATENATE(H38,"_",I38,"_",J38,"_",K38,"_",L38,"_",M38,"_",N38,"_",O38)) -> NO-11_CIC_ELEC_CC_POD_ZZ_M3_0001 | U38: CIC | V38: 13/02/2026 | W38: 06/03/2026 | X38: 08/04/2026 | Y38: 04
C39: Phòng cháy chữa cháy | D39: Mô hình Phòng cháy chữa cháy khu Podium | E39: Mô hình 3D | G39: RVT, NWC, IFC | H39: NO-11 | I39: CIC | J39: FIRE | K39: CC | L39: POD | M39: ZZ | N39: M3 | O39: 0001 | R39: =IF(H39="","_",CONCATENATE(H39,"_",I39,"_",J39,"_",K39,"_",L39,"_",M39,"_",N39,"_",O39)) -> NO-11_CIC_FIRE_CC_POD_ZZ_M3_0001 | U39: CIC | V39: 13/02/2026 | W39: 06/03/2026 | X39: 08/04/2026 | Y39: 03
B40: Mô hình khu căn hộ khối chung cư | C40: Mô hình kết cấu | D40: Mô hình kết cấu tầng 7 | E40: Mô hình 3D | G40: RVT, NWC, IFC | H40: NO-11 | I40: CIC | J40: STRU | K40: CC | L40: TOW | M40: 07 | N40: M3 | O40: 0001 | R40: =IF(H40="","_",CONCATENATE(H40,"_",I40,"_",J40,"_",K40,"_",L40,"_",M40,"_",N40,"_",O40)) -> NO-11_CIC_STRU_CC_TOW_07_M3_0001 | U40: CIC | V40: 27/02/2026 | W40: 13/03/2026 | X40: 22/04/2026 | Y40: 05
D41: Mô hình kết cấu tầng 8 đến 32 | E41: Mô hình 3D | G41: RVT | H41: NO-11 | I41: CIC | J41: STRU | K41: CC | L41: TOW | M41: 08-32 | N41: M3 | O41: 0001 | R41: =IF(H41="","_",CONCATENATE(H41,"_",I41,"_",J41,"_",K41,"_",L41,"_",M41,"_",N41,"_",O41)) -> NO-11_CIC_STRU_CC_TOW_08-32_M3_0001 | U41: CIC | V41: 27/02/2026 | W41: 13/03/2026 | X41: 22/04/2026 | Y41: 05
D42: Mô hình kết cấu tầng tum, mái | E42: Mô hình 3D | G42: RVT, NWC, IFC | H42: NO-11 | I42: CIC | J42: STRU | K42: CC | L42: TOW | M42: MA | N42: M3 | O42: 0001 | R42: =IF(H42="","_",CONCATENATE(H42,"_",I42,"_",J42,"_",K42,"_",L42,"_",M42,"_",N42,"_",O42)) -> NO-11_CIC_STRU_CC_TOW_MA_M3_0001 | U42: CIC | V42: 27/02/2026 | W42: 13/03/2026 | X42: 15/04/2026 | Y42: 04
C43: Mô hình kiến trúc | D43: Mô hình kiến trúc tầng 7 | E43: Mô hình 3D | G43: RVT, NWC, IFC | H43: NO-11 | I43: CIC | J43: ARCH | K43: CC | L43: TOW | M43: 07 | N43: M3 | O43: 0001 | R43: =IF(H43="","_",CONCATENATE(H43,"_",I43,"_",J43,"_",K43,"_",L43,"_",M43,"_",N43,"_",O43)) -> NO-11_CIC_ARCH_CC_TOW_07_M3_0001 | U43: CIC | V43: 27/02/2026 | W43: 13/03/2026 | X43: 22/04/2026 | Y43: 04
D44: Mô hình kiến trúc tầng 8 đến 32 | E44: Mô hình 3D | G44: RVT | H44: NO-11 | I44: CIC | J44: ARCH | K44: CC | L44: TOW | M44: 08-32 | N44: M3 | O44: 0001 | R44: =IF(H44="","_",CONCATENATE(H44,"_",I44,"_",J44,"_",K44,"_",L44,"_",M44,"_",N44,"_",O44)) -> NO-11_CIC_ARCH_CC_TOW_08-32_M3_0001 | U44: CIC | V44: 27/02/2026 | W44: 13/03/2026 | X44: 22/04/2026 | Y44: 04
D45: Mô hình kiến trúc tầng tum, mái | E45: Mô hình 3D | G45: RVT, NWC, IFC | H45: NO-11 | I45: CIC | J45: ARCH | K45: CC | L45: TOW | M45: MA | N45: M3 | O45: 0001 | R45: =IF(H45="","_",CONCATENATE(H45,"_",I45,"_",J45,"_",K45,"_",L45,"_",M45,"_",N45,"_",O45)) -> NO-11_CIC_ARCH_CC_TOW_MA_M3_0001 | U45: CIC | V45: 27/02/2026 | W45: 13/03/2026 | X45: 22/04/2026 | Y45: 03
C46: Điều hòa thông gió | D46: Mô hình điều hòa thông gió tầng 7 | E46: Mô hình 3D | G46: RVT, NWC, IFC | H46: NO-11 | I46: CIC | J46: HVAC | K46: CC | L46: TOW | M46: 07 | N46: M3 | O46: 0001 | R46: =IF(H46="","_",CONCATENATE(H46,"_",I46,"_",J46,"_",K46,"_",L46,"_",M46,"_",N46,"_",O46)) -> NO-11_CIC_HVAC_CC_TOW_07_M3_0001 | U46: CIC | V46: 27/02/2026 | W46: 13/03/2026 | X46: 15/04/2026 | Y46: 04
D47: Mô hình điều hòa thông gió tầng 8 đến 16 | E47: Mô hình 3D | G47: NWC, IFC | H47: NO-11 | I47: CIC | J47: HVAC | K47: CC | L47: TOW | M47: 08-16 | N47: M3 | O47: 0001 | R47: =IF(H47="","_",CONCATENATE(H47,"_",I47,"_",J47,"_",K47,"_",L47,"_",M47,"_",N47,"_",O47)) -> NO-11_CIC_HVAC_CC_TOW_08-16_M3_0001 | U47: CIC | V47: 27/02/2026 | W47: 13/03/2026 | X47: 15/04/2026 | Y47: 04
D48: Mô hình điều hòa thông gió tầng 17 đến 24 | E48: Mô hình 3D | G48: NWC, IFC | H48: NO-11 | I48: CIC | J48: HVAC | K48: CC | L48: TOW | M48: 17-24 | N48: M3 | O48: 0001 | R48: =IF(H48="","_",CONCATENATE(H48,"_",I48,"_",J48,"_",K48,"_",L48,"_",M48,"_",N48,"_",O48)) -> NO-11_CIC_HVAC_CC_TOW_17-24_M3_0001 | U48: CIC | V48: 27/02/2026 | W48: 13/03/2026 | X48: 15/04/2026 | Y48: 04
D49: Mô hình điều hòa thông gió tầng 25 đến 32 | E49: Mô hình 3D | G49: NWC, IFC | H49: NO-11 | I49: CIC | J49: HVAC | K49: CC | L49: TOW | M49: 25-32 | N49: M3 | O49: 0001 | R49: =IF(H49="","_",CONCATENATE(H49,"_",I49,"_",J49,"_",K49,"_",L49,"_",M49,"_",N49,"_",O49)) -> NO-11_CIC_HVAC_CC_TOW_25-32_M3_0001 | U49: CIC | V49: 27/02/2026 | W49: 13/03/2026 | X49: 15/04/2026 | Y49: 04
D50: Mô hình điều hòa thông gió tầng tum, mái | E50: Mô hình 3D | G50: RVT, NWC, IFC | H50: NO-11 | I50: CIC | J50: HVAC | K50: CC | L50: TOW | M50: MA | N50: M3 | O50: 0001 | R50: =IF(H50="","_",CONCATENATE(H50,"_",I50,"_",J50,"_",K50,"_",L50,"_",M50,"_",N50,"_",O50)) -> NO-11_CIC_HVAC_CC_TOW_MA_M3_0001 | U50: CIC | V50: 27/02/2026 | W50: 13/03/2026 | X50: 08/04/2026 | Y50: 03
C51: Cấp thoát nước | D51: Mô hình cấp thoát nước tầng 7 | E51: Mô hình 3D | G51: RVT, NWC, IFC | H51: NO-11 | I51: CIC | J51: PLUM | K51: CC | L51: TOW | M51: 07 | N51: M3 | O51: 0001 | R51: =IF(H51="","_",CONCATENATE(H51,"_",I51,"_",J51,"_",K51,"_",L51,"_",M51,"_",N51,"_",O51)) -> NO-11_CIC_PLUM_CC_TOW_07_M3_0001 | U51: CIC | V51: 27/02/2026 | W51: 13/03/2026 | X51: 22/04/2026 | Y51: 03
D52: Mô hình cấp thoát nước tầng 8 đến 16 | E52: Mô hình 3D | G52: RVT | H52: NO-11 | I52: CIC | J52: PLUM | K52: CC | L52: TOW | M52: 08-16 | N52: M3 | O52: 0001 | R52: =IF(H52="","_",CONCATENATE(H52,"_",I52,"_",J52,"_",K52,"_",L52,"_",M52,"_",N52,"_",O52)) -> NO-11_CIC_PLUM_CC_TOW_08-16_M3_0001 | U52: CIC | V52: 27/02/2026 | W52: 13/03/2026 | X52: 22/04/2026 | Y52: 03
D53: Mô hình cấp thoát nước tầng 17 đến 24 | E53: Mô hình 3D | G53: NWC, IFC | H53: NO-11 | I53: CIC | J53: PLUM | K53: CC | L53: TOW | M53: 17-24 | N53: M3 | O53: 0001 | R53: =IF(H53="","_",CONCATENATE(H53,"_",I53,"_",J53,"_",K53,"_",L53,"_",M53,"_",N53,"_",O53)) -> NO-11_CIC_PLUM_CC_TOW_17-24_M3_0001 | U53: CIC | V53: 27/02/2026 | W53: 13/03/2026 | X53: 22/04/2026 | Y53: 03
D54: Mô hình cấp thoát nước tầng 25 đến 32 | E54: Mô hình 3D | G54: NWC, IFC | H54: NO-11 | I54: CIC | J54: PLUM | K54: CC | L54: TOW | M54: 25-32 | N54: M3 | O54: 0001 | R54: =IF(H54="","_",CONCATENATE(H54,"_",I54,"_",J54,"_",K54,"_",L54,"_",M54,"_",N54,"_",O54)) -> NO-11_CIC_PLUM_CC_TOW_25-32_M3_0001 | U54: CIC | V54: 27/02/2026 | W54: 13/03/2026 | X54: 22/04/2026 | Y54: 03
D55: Mô hình cấp thoát nước tầng tum, mái | E55: Mô hình 3D | G55: RVT, NWC, IFC | H55: NO-11 | I55: CIC | J55: PLUM | K55: CC | L55: TOW | M55: MA | N55: M3 | O55: 0001 | R55: =IF(H55="","_",CONCATENATE(H55,"_",I55,"_",J55,"_",K55,"_",L55,"_",M55,"_",N55,"_",O55)) -> NO-11_CIC_PLUM_CC_TOW_MA_M3_0001 | U55: CIC | V55: 27/02/2026 | W55: 13/03/2026 | X55: 22/04/2026 | Y55: 03
C56: Điện | D56: Mô hình điện tầng 7 | E56: Mô hình 3D | G56: RVT, NWC, IFC | H56: NO-11 | I56: CIC | J56: ELEC | K56: CC | L56: TOW | M56: 07 | N56: M3 | O56: 0001 | R56: =IF(H56="","_",CONCATENATE(H56,"_",I56,"_",J56,"_",K56,"_",L56,"_",M56,"_",N56,"_",O56)) -> NO-11_CIC_ELEC_CC_TOW_07_M3_0001 | U56: CIC | V56: 27/02/2026 | W56: 13/03/2026 | X56: 22/04/2026 | Y56: 04
D57: Mô hình điện tầng 8 đến 16 | E57: Mô hình 3D | G57: RVT | H57: NO-11 | I57: CIC | J57: ELEC | K57: CC | L57: TOW | M57: 08-16 | N57: M3 | O57: 0001 | R57: =IF(H57="","_",CONCATENATE(H57,"_",I57,"_",J57,"_",K57,"_",L57,"_",M57,"_",N57,"_",O57)) -> NO-11_CIC_ELEC_CC_TOW_08-16_M3_0001 | U57: CIC | V57: 27/02/2026 | W57: 13/03/2026 | X57: 22/04/2026 | Y57: 04
D58: Mô hình điện tầng 17 đến 24 | E58: Mô hình 3D | G58: NWC, IFC | H58: NO-11 | I58: CIC | J58: ELEC | K58: CC | L58: TOW | M58: 17-24 | N58: M3 | O58: 0001 | R58: =IF(H58="","_",CONCATENATE(H58,"_",I58,"_",J58,"_",K58,"_",L58,"_",M58,"_",N58,"_",O58)) -> NO-11_CIC_ELEC_CC_TOW_17-24_M3_0001 | U58: CIC | V58: 27/02/2026 | W58: 13/03/2026 | X58: 22/04/2026 | Y58: 04
D59: Mô hình điện tầng 25 đến 32 | E59: Mô hình 3D | G59: NWC, IFC | H59: NO-11 | I59: CIC | J59: ELEC | K59: CC | L59: TOW | M59: 25-32 | N59: M3 | O59: 0001 | R59: =IF(H59="","_",CONCATENATE(H59,"_",I59,"_",J59,"_",K59,"_",L59,"_",M59,"_",N59,"_",O59)) -> NO-11_CIC_ELEC_CC_TOW_25-32_M3_0001 | U59: CIC | V59: 27/02/2026 | W59: 13/03/2026 | X59: 22/04/2026 | Y59: 04
D60: Mô hình điện tầng tum, mái | E60: Mô hình 3D | G60: RVT, NWC, IFC | H60: NO-11 | I60: CIC | J60: ELEC | K60: CC | L60: TOW | M60: MA | N60: M3 | O60: 0001 | R60: =IF(H60="","_",CONCATENATE(H60,"_",I60,"_",J60,"_",K60,"_",L60,"_",M60,"_",N60,"_",O60)) -> NO-11_CIC_ELEC_CC_TOW_MA_M3_0001 | U60: CIC | V60: 27/02/2026 | W60: 13/03/2026 | X60: 22/04/2026 | Y60: 04
C61: Phòng cháy chữa cháy | D61: Mô hình PCCC tầng 7 | E61: Mô hình 3D | G61: RVT, NWC, IFC | H61: NO-11 | I61: CIC | J61: FIRE | K61: CC | L61: TOW | M61: 07 | N61: M3 | O61: 0001 | R61: =IF(H61="","_",CONCATENATE(H61,"_",I61,"_",J61,"_",K61,"_",L61,"_",M61,"_",N61,"_",O61)) -> NO-11_CIC_FIRE_CC_TOW_07_M3_0001 | U61: CIC | V61: 27/02/2026 | W61: 13/03/2026 | X61: 15/04/2026 | Y61: 03
D62: Mô hình PCCC tầng 8 đến 16 | E62: Mô hình 3D | G62: RVT | H62: NO-11 | I62: CIC | J62: FIRE | K62: CC | L62: TOW | M62: 08-16 | N62: M3 | O62: 0001 | R62: =IF(H62="","_",CONCATENATE(H62,"_",I62,"_",J62,"_",K62,"_",L62,"_",M62,"_",N62,"_",O62)) -> NO-11_CIC_FIRE_CC_TOW_08-16_M3_0001 | U62: CIC | V62: 27/02/2026 | W62: 13/03/2026 | X62: 15/04/2026 | Y62: 03
D63: Mô hình PCCC tầng 17 đến 24 | E63: Mô hình 3D | G63: NWC, IFC | H63: NO-11 | I63: CIC | J63: FIRE | K63: CC | L63: TOW | M63: 17-24 | N63: M3 | O63: 0001 | R63: =IF(H63="","_",CONCATENATE(H63,"_",I63,"_",J63,"_",K63,"_",L63,"_",M63,"_",N63,"_",O63)) -> NO-11_CIC_FIRE_CC_TOW_17-24_M3_0001 | U63: CIC | V63: 27/02/2026 | W63: 13/03/2026 | X63: 15/04/2026 | Y63: 03
D64: Mô hình PCCC tầng 25 đến 32 | E64: Mô hình 3D | G64: NWC, IFC | H64: NO-11 | I64: CIC | J64: FIRE | K64: CC | L64: TOW | M64: 25-32 | N64: M3 | O64: 0001 | R64: =IF(H64="","_",CONCATENATE(H64,"_",I64,"_",J64,"_",K64,"_",L64,"_",M64,"_",N64,"_",O64)) -> NO-11_CIC_FIRE_CC_TOW_25-32_M3_0001 | U64: CIC | V64: 27/02/2026 | W64: 13/03/2026 | X64: 15/04/2026 | Y64: 03
D65: Mô hình PCCC tầng tum, mái | E65: Mô hình 3D | G65: RVT, NWC, IFC | H65: NO-11 | I65: CIC | J65: FIRE | K65: CC | L65: TOW | M65: MA | N65: M3 | O65: 0001 | R65: =IF(H65="","_",CONCATENATE(H65,"_",I65,"_",J65,"_",K65,"_",L65,"_",M65,"_",N65,"_",O65)) -> NO-11_CIC_FIRE_CC_TOW_MA_M3_0001 | U65: CIC | V65: 27/02/2026 | W65: 13/03/2026 | X65: 15/04/2026 | Y65: 03
B66: Ngoài nhà | C66: Cấp thoát nước | D66: Mô hình Cấp thoát nước ngoài nhà | E66: Mô hình 3D | G66: RVT, NWC, IFC | H66: NO-11 | I66: CIC | J66: PLUM | K66: NN | L66: XXX | M66: 00 | N66: M3 | O66: 0001 | R66: =IF(H66="","_",CONCATENATE(H66,"_",I66,"_",J66,"_",K66,"_",L66,"_",M66,"_",N66,"_",O66)) -> NO-11_CIC_PLUM_NN_XXX_00_M3_0001 | U66: CIC | V66: 13/02/2026 | W66: 25/03/2026 | X66: 25/03/2026 | Y66: 01
C67: Điện | D67: Mô hình điện ngoài nhà | E67: Mô hình 3D | G67: RVT, NWC, IFC | H67: NO-11 | I67: CIC | J67: ELEC | K67: NN | L67: XXX | M67: 00 | N67: M3 | O67: 0001 | R67: =IF(H67="","_",CONCATENATE(H67,"_",I67,"_",J67,"_",K67,"_",L67,"_",M67,"_",N67,"_",O67)) -> NO-11_CIC_ELEC_NN_XXX_00_M3_0001 | U67: CIC | V67: 13/02/2026 | W67: 08/04/2026 | X67: 08/04/2026 | Y67: 01
C68: Kết cấu | D68: Kết cấu công trình phụ trợ ngoài nhà | E68: Mô hình 3D | G68: RVT, NWC, IFC | H68: NO-11 | I68: CIC | J68: STRU | K68: NN | L68: XXX | M68: 00 | N68: M3 | O68: 0001 | R68: =IF(H68="","_",CONCATENATE(H68,"_",I68,"_",J68,"_",K68,"_",L68,"_",M68,"_",N68,"_",O68)) -> NO-11_CIC_STRU_NN_XXX_00_M3_0001 | U68: CIC | V68: 13/02/2026 | W68: 13/03/2026 | X68: 15/04/2026 | Y68: 03
C69: Cảnh quan & phụ trợ | D69: Mô hình cảnh quan (đường, cây xanh, hồ nước, tường rào, bãi để xe, …) & công trình phụ trợ | E69: Mô hình 3D | G69: RVT, NWC, IFC | H69: NO-11 | I69: CIC | J69: LAND | K69: NN | L69: XXX | M69: 00 | N69: M3 | O69: 0001 | R69: =IF(H69="","_",CONCATENATE(H69,"_",I69,"_",J69,"_",K69,"_",L69,"_",M69,"_",N69,"_",O69)) -> NO-11_CIC_LAND_NN_XXX_00_M3_0001 | U69: CIC | V69: 13/02/2026 | W69: 13/03/2026 | X69: 15/04/2026 | Y69: 03
B70: Tổng hợp | C70: Điều hòa thông gió | D70: Mô hình điều hòa thông gió tổng | E70: Mô hình 3D | G70: RVT | H70: NO-11 | I70: CIC | J70: HVAC | K70: ZZ | L70: ZZZ | M70: ZZ | N70: M3 | O70: 0001 | R70: =IF(H70="","_",CONCATENATE(H70,"_",I70,"_",J70,"_",K70,"_",L70,"_",M70,"_",N70,"_",O70)) -> NO-11_CIC_HVAC_ZZ_ZZZ_ZZ_M3_0001 | U70: CIC
C71: Cấp thoát nước | D71: Mô hình cấp thoát nước tổng | E71: Mô hình 3D | G71: RVT | H71: NO-11 | I71: CIC | J71: PLUM | K71: ZZ | L71: ZZZ | M71: ZZ | N71: M3 | O71: 0001 | R71: =IF(H71="","_",CONCATENATE(H71,"_",I71,"_",J71,"_",K71,"_",L71,"_",M71,"_",N71,"_",O71)) -> NO-11_CIC_PLUM_ZZ_ZZZ_ZZ_M3_0001 | U71: CIC
C72: Điện | D72: Mô hình điện tổng | E72: Mô hình 3D | G72: RVT | H72: NO-11 | I72: CIC | J72: ELEC | K72: ZZ | L72: ZZZ | M72: ZZ | N72: M3 | O72: 0001 | R72: =IF(H72="","_",CONCATENATE(H72,"_",I72,"_",J72,"_",K72,"_",L72,"_",M72,"_",N72,"_",O72)) -> NO-11_CIC_ELEC_ZZ_ZZZ_ZZ_M3_0001 | U72: CIC
C73: Phòng cháy chữa cháy | D73: Mô hình PCCC tổng | E73: Mô hình 3D | G73: RVT | H73: NO-11 | I73: CIC | J73: FIRE | K73: ZZ | L73: ZZZ | M73: ZZ | N73: M3 | O73: 0001 | R73: =IF(H73="","_",CONCATENATE(H73,"_",I73,"_",J73,"_",K73,"_",L73,"_",M73,"_",N73,"_",O73)) -> NO-11_CIC_FIRE_ZZ_ZZZ_ZZ_M3_0001 | U73: CIC
C74: Kiến trúc | D74: Mô hình kiến trúc tổng | E74: Mô hình 3D | G74: RVT | H74: NO-11 | I74: CIC | J74: ARCH | K74: ZZ | L74: ZZZ | M74: ZZ | N74: M3 | O74: 0001 | R74: =IF(H74="","_",CONCATENATE(H74,"_",I74,"_",J74,"_",K74,"_",L74,"_",M74,"_",N74,"_",O74)) -> NO-11_CIC_ARCH_ZZ_ZZZ_ZZ_M3_0001 | U74: CIC
C75: Kết cấu | D75: Mô hình kết cấu tổng | E75: Mô hình 3D | G75: RVT | H75: NO-11 | I75: CIC | J75: STRU | K75: ZZ | L75: ZZZ | M75: ZZ | N75: M3 | O75: 0001 | R75: =IF(H75="","_",CONCATENATE(H75,"_",I75,"_",J75,"_",K75,"_",L75,"_",M75,"_",N75,"_",O75)) -> NO-11_CIC_STRU_ZZ_ZZZ_ZZ_M3_0001 | U75: CIC
C76: Tổng hợp | D76: Mô hình tổng hợp | E76: Mô hình 3D | G76: NWD | H76: NO-11 | I76: CIC | J76: FEDE | K76: ZZ | L76: ZZZ | M76: ZZ | N76: M3 | O76: 0001 | R76: =IF(H76="","_",CONCATENATE(H76,"_",I76,"_",J76,"_",K76,"_",L76,"_",M76,"_",N76,"_",O76)) -> NO-11_CIC_FEDE_ZZ_ZZZ_ZZ_M3_0001 | U76: CIC | W76: 03/03/2026 | X76: 22/04/2026 | Y76: 05
B77: 4. Báo cáo
C78: Tổng hợp | D78: Báo cáo va chạm phần hầm | E78: Báo cáo | G78: PDF | H78: NO-11 | I78: CIC | J78: FEDE | K78: ZZ | L78: BAS | M78: ZZ | N78: RP | O78: 0001 | R78: =IF(H78="","_",CONCATENATE(H78,"_",I78,"_",J78,"_",K78,"_",L78,"_",M78,"_",N78,"_",O78)) -> NO-11_CIC_FEDE_ZZ_BAS_ZZ_RP_0001 | U78: CIC | V78: 27/02/2026 | W78: 03/03/2026 | X78: 25/03/2026 | Y78: 02
C79: Tổng hợp | D79: Báo cáo va chạm phần Trung tâm thương mại | E79: Báo cáo | G79: PDF | H79: NO-11 | I79: CIC | J79: FEDE | K79: ZZ | L79: POD | M79: ZZ | N79: RP | O79: 0002 | R79: =IF(H79="","_",CONCATENATE(H79,"_",I79,"_",J79,"_",K79,"_",L79,"_",M79,"_",N79,"_",O79)) -> NO-11_CIC_FEDE_ZZ_POD_ZZ_RP_0002 | U79: CIC | V79: 09/03/2026 | W79: 09/03/2026 | X79: 25/03/2026 | Y79: 02
C80: Tổng hợp | D80: Báo cáo va chạm phần chung cư | E80: Báo cáo | G80: PDF | H80: NO-11 | I80: CIC | J80: FEDE | K80: ZZ | L80: TOW | M80: ZZ | N80: RP | O80: 0003 | R80: =IF(H80="","_",CONCATENATE(H80,"_",I80,"_",J80,"_",K80,"_",L80,"_",M80,"_",N80,"_",O80)) -> NO-11_CIC_FEDE_ZZ_TOW_ZZ_RP_0003 | U80: CIC | V80: 14/03/2026 | W80: 15/03/2026 | X80: 25/03/2026 | Y80: 02
C81: Tổng hợp | D81: Báo cáo va chạm toàn công trình | E81: Báo cáo | G81: PDF | H81: NO-11 | I81: CIC | J81: FEDE | K81: ZZ | L81: ZZZ | M81: ZZ | N81: RP | O81: 0004 | R81: =IF(H81="","_",CONCATENATE(H81,"_",I81,"_",J81,"_",K81,"_",L81,"_",M81,"_",N81,"_",O81)) -> NO-11_CIC_FEDE_ZZ_ZZZ_ZZ_RP_0004 | U81: CIC | W81: 13/04/2026 | X81: 13/04/0026 | Y81: 01
C82: Tổng hợp | D82: Phản hồi Báo cáo va chạm Paysart | E82: Báo cáo | G82: PDF | H82: NO-11 | I82: PAY | J82: FEDE | K82: ZZ | L82: ZZZ | M82: ZZ | N82: RP | O82: 0005 | R82: =IF(H82="","_",CONCATENATE(H82,"_",I82,"_",J82,"_",K82,"_",L82,"_",M82,"_",N82,"_",O82)) -> NO-11_PAY_FEDE_ZZ_ZZZ_ZZ_RP_0005 | U82: PAY | W82: 17/04/2026 | X82: 23/04/2026 | Y82: 03
C83: Tổng hợp | D83: Phản hồi báo cáo va chạm Firecom | E83: Báo cáo | G83: PDF | H83: NO-11 | I83: FIR | J83: FEDE | K83: ZZ | L83: ZZZ | M83: ZZ | N83: RP | O83: 0006 | R83: =IF(H83="","_",CONCATENATE(H83,"_",I83,"_",J83,"_",K83,"_",L83,"_",M83,"_",N83,"_",O83)) -> NO-11_FIR_FEDE_ZZ_ZZZ_ZZ_RP_0006 | U83: FIR | W83: 23/04/2026 | X83: 23/04/2026 | Y83: 01
C84: Tổng hợp | D84: Phản hồi báo cáo va chạm Lideco | E84: Báo cáo | G84: PDF | H84: NO-11 | I84: LID | J84: FEDE | K84: ZZ | L84: ZZZ | M84: ZZ | N84: RP | O84: 0007 | R84: =IF(H84="","_",CONCATENATE(H84,"_",I84,"_",J84,"_",K84,"_",L84,"_",M84,"_",N84,"_",O84)) -> NO-11_LID_FEDE_ZZ_ZZZ_ZZ_RP_0007 | U84: LID
B85: 5. Diễn họa
C86: Tổng hợp | D86: Video giới thiệu dự án | E86: Video | G86: MP4 | H86: NO-11 | I86: CIC | J86: FEDE | K86: ZZ | L86: ZZZ | M86: ZZ | N86: VI | O86: 0001 | R86: =IF(H86="","_",CONCATENATE(H86,"_",I86,"_",J86,"_",K86,"_",L86,"_",M86,"_",N86,"_",O86)) -> NO-11_CIC_FEDE_ZZ_ZZZ_ZZ_VI_0001 | U86: CIC | V86: 09/03/2026 | W86: 06/04/2026 | X86: 21/04/2026 | Y86: 03
B87: 6. Khối lượng | R87: =IF(H87="","_",CONCATENATE(H87,"_",I87,"_",J87,"_",K87,"_",L87,"_",M87,"_",N87,"_",O87)) -> _
C88: Kiến trúc | D88: Khối lượng kiến trúc xuất từ mô hình | E88: BoQ | G88: xlsx | H88: NO-11 | I88: CIC | J88: ARCH | K88: ZZ | L88: ZZZ | M88: ZZ | N88: BQ | O88: 0001 | R88: =IF(H88="","_",CONCATENATE(H88,"_",I88,"_",J88,"_",K88,"_",L88,"_",M88,"_",N88,"_",O88)) -> NO-11_CIC_ARCH_ZZ_ZZZ_ZZ_BQ_0001 | U88: CIC | V88: 21/03/2026 | W88: 10/03/2026 | X88: 19/03/2026 | Y88: 02
C89: Kết cấu | D89: Khối lượng kết cấu xuất từ mô hình | E89: BoQ | G89: xlsx | H89: NO-11 | I89: CIC | J89: STRU | K89: ZZ | L89: ZZZ | M89: ZZ | N89: BQ | O89: 0001 | R89: =IF(H89="","_",CONCATENATE(H89,"_",I89,"_",J89,"_",K89,"_",L89,"_",M89,"_",N89,"_",O89)) -> NO-11_CIC_STRU_ZZ_ZZZ_ZZ_BQ_0001 | U89: CIC | V89: 24/03/2026 | W89: 10/03/2026 | X89: 25/03/2026 | Y89: 03
C90: HVAC | D90: Khối lượng HVAC xuất từ mô hình | E90: BoQ | G90: xlsx | H90: NO-11 | I90: CIC | J90: HVAC | K90: ZZ | L90: ZZZ | M90: ZZ | N90: BQ | O90: 0001 | R90: =IF(H90="","_",CONCATENATE(H90,"_",I90,"_",J90,"_",K90,"_",L90,"_",M90,"_",N90,"_",O90)) -> NO-11_CIC_HVAC_ZZ_ZZZ_ZZ_BQ_0001 | U90: CIC | V90: 21/03/2026 | W90: 19/03/2026 | X90: 19/03/2026 | Y90: 01
C91: Cấp thoát nước | D91: Khối lượng cấp thoát nước xuất từ mô hình | E91: BoQ | G91: xlsx | H91: NO-11 | I91: CIC | J91: PLUM | K91: ZZ | L91: ZZZ | M91: ZZ | N91: BQ | O91: 0001 | R91: =IF(H91="","_",CONCATENATE(H91,"_",I91,"_",J91,"_",K91,"_",L91,"_",M91,"_",N91,"_",O91)) -> NO-11_CIC_PLUM_ZZ_ZZZ_ZZ_BQ_0001 | U91: CIC | V91: 21/03/2026 | W91: 19/03/2026 | X91: 19/03/2026 | Y91: 01
C92: Điện | D92: Khối lượng điện xuất từ mô hình | E92: BoQ | G92: xlsx | H92: NO-11 | I92: CIC | J92: ELEC | K92: ZZ | L92: ZZZ | M92: ZZ | N92: BQ | O92: 0001 | R92: =IF(H92="","_",CONCATENATE(H92,"_",I92,"_",J92,"_",K92,"_",L92,"_",M92,"_",N92,"_",O92)) -> NO-11_CIC_ELEC_ZZ_ZZZ_ZZ_BQ_0001 | U92: CIC | V92: 21/03/2026 | W92: 19/03/2026 | X92: 19/03/2026 | Y92: 01
C93: Phòng cháy chữa cháy | D93: Khối lượng PCCC xuất từ mô hình | E93: BoQ | G93: xlsx | H93: NO-11 | I93: CIC | J93: FIRE | K93: ZZ | L93: ZZZ | M93: ZZ | N93: BQ | O93: 0001 | R93: =IF(H93="","_",CONCATENATE(H93,"_",I93,"_",J93,"_",K93,"_",L93,"_",M93,"_",N93,"_",O93)) -> NO-11_CIC_FIRE_ZZ_ZZZ_ZZ_BQ_0001 | U93: CIC | V93: 21/03/2026 | W93: 19/03/2026 | X93: 19/03/2026 | Y93: 01
C94: Kiến trúc & Kết cấu | D94: Khối lượng xuất theo Form bộ môn KTKC | E94: BoQ | G94: xlsx | H94: NO-11 | I94: CIC | J94: STAR | K94: ZZ | L94: ZZZ | M94: ZZ | N94: BQ | O94: 0001 | R94: =IF(H94="","_",CONCATENATE(H94,"_",I94,"_",J94,"_",K94,"_",L94,"_",M94,"_",N94,"_",O94)) -> NO-11_CIC_STAR_ZZ_ZZZ_ZZ_BQ_0001 | U94: CIC | V94: 04/05/2026
C95: PCCC | D95: Khối lượng xuất theo Form bộ môn PCCC | E95: BoQ | G95: xlsx | H95: NO-11 | I95: CIC | J95: FIRE | K95: ZZ | L95: ZZZ | M95: ZZ | N95: BQ | O95: 0001 | R95: =IF(H95="","_",CONCATENATE(H95,"_",I95,"_",J95,"_",K95,"_",L95,"_",M95,"_",N95,"_",O95)) -> NO-11_CIC_FIRE_ZZ_ZZZ_ZZ_BQ_0001 | U95: CIC | V95: 04/05/2026
C96: Cơ điện (Không PCCC) | D96: Khối lượng xuất theo Form bộ môn Cơ điện | E96: BoQ | G96: xlsx | H96: NO-11 | I96: CIC | J96: MEPF | K96: ZZ | L96: ZZZ | M96: ZZ | N96: BQ | O96: 0001 | R96: =IF(H96="","_",CONCATENATE(H96,"_",I96,"_",J96,"_",K96,"_",L96,"_",M96,"_",N96,"_",O96)) -> NO-11_CIC_MEPF_ZZ_ZZZ_ZZ_BQ_0001 | U96: CIC | V96: 08/05/2026

Sheet LIST_TT
A1: DANH MỤC BẢN VẼ
A2: STT | B2: SỐ BẢN VẼ | C2: TÊN BẢN VẼ
A3: TỔNG THỂ
A4: 1 | B4: =MIDP!S86 -> 0 | C4: =MIDP!T86 -> 0
A5: =A4+1 -> 2 | B5: =MIDP!#REF! -> #REF! | C5: =MIDP!#REF! -> #REF!
A6: =A5+1 -> 3 | B6: =MIDP!#REF! -> #REF! | C6: =MIDP!#REF! -> #REF!
A7: =A6+1 -> 4 | B7: =MIDP!#REF! -> #REF! | C7: =MIDP!#REF! -> #REF!
A8: =A7+1 -> 5 | B8: =MIDP!#REF! -> #REF! | C8: =MIDP!#REF! -> #REF!
A9: =A8+1 -> 6 | B9: =MIDP!#REF! -> #REF! | C9: =MIDP!#REF! -> #REF!
A10: =A9+1 -> 7 | B10: =MIDP!#REF! -> #REF! | C10: =MIDP!#REF! -> #REF!
A11: =A10+1 -> 8 | B11: =MIDP!#REF! -> #REF! | C11: =MIDP!#REF! -> #REF!
A12: =A11+1 -> 9 | B12: =MIDP!#REF! -> #REF! | C12: =MIDP!#REF! -> #REF!
A13: =A12+1 -> 10 | B13: =MIDP!#REF! -> #REF! | C13: =MIDP!#REF! -> #REF!
A14: =A13+1 -> 11 | B14: =MIDP!#REF! -> #REF! | C14: =MIDP!#REF! -> #REF!
A15: =A14+1 -> 12 | B15: =MIDP!#REF! -> #REF! | C15: =MIDP!#REF! -> #REF!
A16: =A15+1 -> 13 | B16: =MIDP!#REF! -> #REF! | C16: =MIDP!#REF! -> #REF!
... A29: =A28+1 -> 26 | B29: =MIDP!#REF! -> #REF! | C29: =MIDP!#REF! -> #REF!

Sheet LIST_BAS
A1: DANH MỤC BẢN VẼ
A2: STT | B2: SỐ BẢN VẼ | C2: TÊN BẢN VẼ
A3: PHẦN HẦM
A4: 1 | B4: =MIDP!#REF! -> #REF! | C4: =MIDP!#REF! -> #REF!
A5: =A4+1 -> 2 | B5: =MIDP!#REF! -> #REF! | C5: =MIDP!#REF! -> #REF!
A6: =A5+1 -> 3 | B6: =MIDP!#REF! -> #REF! | C6: =MIDP!#REF! -> #REF!
A7: =A6+1 -> 4 | B7: =MIDP!#REF! -> #REF! | C7: =MIDP!#REF! -> #REF!
A8: =A7+1 -> 5 | B8: =MIDP!#REF! -> #REF! | C8: =MIDP!#REF! -> #REF!
A9: =A8+1 -> 6 | B9: =MIDP!#REF! -> #REF! | C9: =MIDP!#REF! -> #REF!
A10: =A9+1 -> 7 | B10: =MIDP!#REF! -> #REF! | C10: =MIDP!#REF! -> #REF!
A11: =A10+1 -> 8 | B11: =MIDP!#REF! -> #REF! | C11: =MIDP!#REF! -> #REF!
A12: =A11+1 -> 9 | B12: =MIDP!#REF! -> #REF! | C12: =MIDP!#REF! -> #REF!
A13: =A12+1 -> 10 | B13: =MIDP!#REF! -> #REF! | C13: =MIDP!#REF! -> #REF!
A14: =A13+1 -> 11 | B14: =MIDP!#REF! -> #REF! | C14: =MIDP!#REF! -> #REF!
A15: =A14+1 -> 12 | B15: =MIDP!#REF! -> #REF! | C15: =MIDP!#REF! -> #REF!
A16: =A15+1 -> 13 | B16: =MIDP!#REF! -> #REF! | C16: =MIDP!#REF! -> #REF!
... A76: =A75+1 -> 73 | B76: =MIDP!#REF! -> #REF! | C76: =MIDP!#REF! -> #REF!

Sheet LIST_TA
A1: DANH MỤC BẢN VẼ
A2: STT | B2: SỐ BẢN VẼ | C2: TÊN BẢN VẼ | E2: STT | F2: SỐ BẢN VẼ | G2: TÊN BẢN VẼ
A3: THÁP A | E3: =A50+1 -> 48 | F3: =MIDP!#REF! -> #REF! | G3: =MIDP!#REF! -> #REF!
A4: 1 | B4: =MIDP!#REF! -> #REF! | C4: =MIDP!#REF! -> #REF! | E4: =E3+1 -> 49 | F4: =MIDP!#REF! -> #REF! | G4: =MIDP!#REF! -> #REF!
A5: =A4+1 -> 2 | B5: =MIDP!#REF! -> #REF! | C5: =MIDP!#REF! -> #REF! | E5: =E4+1 -> 50 | F5: =MIDP!#REF! -> #REF! | G5: =MIDP!#REF! -> #REF!
A6: =A5+1 -> 3 | B6: =MIDP!#REF! -> #REF! | C6: =MIDP!#REF! -> #REF! | E6: =E5+1 -> 51 | F6: =MIDP!#REF! -> #REF! | G6: =MIDP!#REF! -> #REF!
A7: =A6+1 -> 4 | B7: =MIDP!#REF! -> #REF! | C7: =MIDP!#REF! -> #REF! | E7: =E6+1 -> 52 | F7: =MIDP!#REF! -> #REF! | G7: =MIDP!#REF! -> #REF!
A8: =A7+1 -> 5 | B8: =MIDP!#REF! -> #REF! | C8: =MIDP!#REF! -> #REF! | E8: =E7+1 -> 53 | F8: =MIDP!#REF! -> #REF! | G8: =MIDP!#REF! -> #REF!
A9: =A8+1 -> 6 | B9: =MIDP!#REF! -> #REF! | C9: =MIDP!#REF! -> #REF! | E9: =E8+1 -> 54 | F9: =MIDP!#REF! -> #REF! | G9: =MIDP!#REF! -> #REF!
A10: =A9+1 -> 7 | B10: =MIDP!#REF! -> #REF! | C10: =MIDP!#REF! -> #REF! | E10: =E9+1 -> 55 | F10: =MIDP!#REF! -> #REF! | G10: =MIDP!#REF! -> #REF!
A11: =A10+1 -> 8 | B11: =MIDP!#REF! -> #REF! | C11: =MIDP!#REF! -> #REF! | E11: =E10+1 -> 56 | F11: =MIDP!#REF! -> #REF! | G11: =MIDP!#REF! -> #REF!
A12: =A11+1 -> 9 | B12: =MIDP!#REF! -> #REF! | C12: =MIDP!#REF! -> #REF! | E12: =E11+1 -> 57 | F12: =MIDP!#REF! -> #REF! | G12: =MIDP!#REF! -> #REF!
A13: =A12+1 -> 10 | B13: =MIDP!#REF! -> #REF! | C13: =MIDP!#REF! -> #REF! | E13: =E12+1 -> 58 | F13: =MIDP!#REF! -> #REF! | G13: =MIDP!#REF! -> #REF!
A14: =A13+1 -> 11 | B14: =MIDP!#REF! -> #REF! | C14: =MIDP!#REF! -> #REF! | E14: =E13+1 -> 59 | F14: =MIDP!#REF! -> #REF! | G14: =MIDP!#REF! -> #REF!
A15: =A14+1 -> 12 | B15: =MIDP!#REF! -> #REF! | C15: =MIDP!#REF! -> #REF! | E15: =E14+1 -> 60 | F15: =MIDP!#REF! -> #REF! | G15: =MIDP!#REF! -> #REF!
A16: =A15+1 -> 13 | B16: =MIDP!#REF! -> #REF! | C16: =MIDP!#REF! -> #REF! | E16: =E15+1 -> 61 | F16: =MIDP!#REF! -> #REF! | G16: =MIDP!#REF! -> #REF!
... A48: =A47+1 -> 45 | B48: =MIDP!#REF! -> #REF! | C48: =MIDP!#REF! -> #REF! | E48: =E47+1 -> 93 | F48: =MIDP!#REF! -> #REF! | G48: =MIDP!#REF! -> #REF!
A49: =A48+1 -> 46 | B49: =MIDP!#REF! -> #REF! | C49: =MIDP!#REF! -> #REF!
A50: =A49+1 -> 47 | B50: =MIDP!#REF! -> #REF! | C50: =MIDP!#REF! -> #REF!

Sheet LIST_TB1
A1: DANH MỤC BẢN VẼ
A2: STT | B2: SỐ BẢN VẼ | C2: TÊN BẢN VẼ
A3: THÁP B1
A4: 1 | B4: =MIDP!#REF! -> #REF! | C4: =MIDP!#REF! -> #REF!
A5: =A4+1 -> 2 | B5: =MIDP!#REF! -> #REF! | C5: =MIDP!#REF! -> #REF!
A6: =A5+1 -> 3 | B6: =MIDP!#REF! -> #REF! | C6: =MIDP!#REF! -> #REF!
A7: =A6+1 -> 4 | B7: =MIDP!#REF! -> #REF! | C7: =MIDP!#REF! -> #REF!
A8: =A7+1 -> 5 | B8: =MIDP!#REF! -> #REF! | C8: =MIDP!#REF! -> #REF!
A9: =A8+1 -> 6 | B9: =MIDP!#REF! -> #REF! | C9: =MIDP!#REF! -> #REF!
A10: =A9+1 -> 7 | B10: =MIDP!#REF! -> #REF! | C10: =MIDP!#REF! -> #REF!
A11: =A10+1 -> 8 | B11: =MIDP!#REF! -> #REF! | C11: =MIDP!#REF! -> #REF!
A12: =A11+1 -> 9 | B12: =MIDP!#REF! -> #REF! | C12: =MIDP!#REF! -> #REF!
A13: =A12+1 -> 10 | B13: =MIDP!#REF! -> #REF! | C13: =MIDP!#REF! -> #REF!
A14: =A13+1 -> 11 | B14: =MIDP!#REF! -> #REF! | C14: =MIDP!#REF! -> #REF!
A15: =A14+1 -> 12 | B15: =MIDP!#REF! -> #REF! | C15: =MIDP!#REF! -> #REF!
A16: =A15+1 -> 13 | B16: =MIDP!#REF! -> #REF! | C16: =MIDP!#REF! -> #REF!
... A78: =A77+1 -> 75 | B78: =MIDP!#REF! -> #REF! | C78: =MIDP!#REF! -> #REF!

Sheet LIST_TB2
A1: DANH MỤC BẢN VẼ
A2: STT | B2: SỐ BẢN VẼ | C2: TÊN BẢN VẼ
A3: THÁP B2
A4: 1 | B4: =MIDP!#REF! -> #REF! | C4: =MIDP!#REF! -> #REF!
A5: =A4+1 -> 2 | B5: =MIDP!#REF! -> #REF! | C5: =MIDP!#REF! -> #REF!
A6: =A5+1 -> 3 | B6: =MIDP!#REF! -> #REF! | C6: =MIDP!#REF! -> #REF!
A7: =A6+1 -> 4 | B7: =MIDP!#REF! -> #REF! | C7: =MIDP!#REF! -> #REF!
A8: =A7+1 -> 5 | B8: =MIDP!#REF! -> #REF! | C8: =MIDP!#REF! -> #REF!
A9: =A8+1 -> 6 | B9: =MIDP!#REF! -> #REF! | C9: =MIDP!#REF! -> #REF!
A10: =A9+1 -> 7 | B10: =MIDP!#REF! -> #REF! | C10: =MIDP!#REF! -> #REF!
A11: =A10+1 -> 8 | B11: =MIDP!#REF! -> #REF! | C11: =MIDP!#REF! -> #REF!
A12: =A11+1 -> 9 | B12: =MIDP!#REF! -> #REF! | C12: =MIDP!#REF! -> #REF!
A13: =A12+1 -> 10 | B13: =MIDP!#REF! -> #REF! | C13: =MIDP!#REF! -> #REF!
A14: =A13+1 -> 11 | B14: =MIDP!#REF! -> #REF! | C14: =MIDP!#REF! -> #REF!
A15: =A14+1 -> 12 | B15: =MIDP!#REF! -> #REF! | C15: =MIDP!#REF! -> #REF!
A16: =A15+1 -> 13 | B16: =MIDP!#REF! -> #REF! | C16: =MIDP!#REF! -> #REF!
... A78: =A77+1 -> 75 | B78: =MIDP!#REF! -> #REF! | C78: =MIDP!#REF! -> #REF!

Sheet Sheet3
E13: 25075-486NH_CIC_STRU_BAS_ZZ
E14: 25075-486NH_CIC_STRU_TA_01-03
E15: 25075-486NH_CIC_STRU_TA_04-13
E16: 25075-486NH_CIC_STRU_TA_14-28
E17: 25075-486NH_CIC_STRU_TA_29-RO
E18: 25075-486NH_CIC_STRU_B1_01-03
E19: 25075-486NH_CIC_STRU_B1_04-16
E20: 25075-486NH_CIC_STRU_B1_17-RO
E21: 25075-486NH_CIC_STRU_B2_01-03
E22: 25075-486NH_CIC_STRU_B2_04-16
E23: 25075-486NH_CIC_STRU_B2_17-RO
E25: 25075-486NH_CIC_ARCH_BAS_ZZ
... E73: 25075-486NH_CIC_ELEC_B2_17-RO

Sheet Sheet1
A1: BẢNG MÔ HÌNH THÀNH PHẦN CÔNG TRÌNH HẠ TẦNG
A2: Hướng dẫn: Bảng Mô Hình Thành Phần (Model Element Table) là tài liệu các thông tin hình học và phi hình học cần thiết của từng phần tử mô hình được sử dụng trong Thông tin Trao đổi cần thiết. Mức Phát Triển (Level of Development - LOD) xác định sự chi tiết và độ hoàn thiện của hình học của một đối tượng cho một mục đích cụ thể (ví dụ, BIMForum LOD 100, 200, 300, 350, và 400). Mức Thông Tin (Level of Information - LOI) xác định các thuộc tính thông tin nên được bao gồm cho mỗi đối tượng (ví dụ, BIMForum LOD 100, 200, 300, 350, 400 từ Bảng Thuộc Tính Thông Tin). Mức Độ Chính Xác (Level of Accuracy - LOA) xác định tính đáng tin cậy của dữ liệu đồ họa cần thiết để hỗ trợ trao đổi thông tin và việc sử dụng mô hình vận hành. (ví dụ, US IBD LOA 10, 20, 30, 40, 50). Định Dạng Thông Tin (Information Format) xác định định dạng đồ họa và yêu cầu thông tin (ví dụ, 2D, 2D+Thông tin, 3D, 3D+Thông tin). Tác Giả Phần Tử Mô Hình (Author) là viết tắt của tổ chức cung cấp mô hình/thông tin cho một đối tượng được sử dụng trong một trao đổi thông tin. Nhân bản các Cột Thông tin Trao đổi cho mỗi Thông tin Trao đổi.
E3: TÊN TRAO ĐỔI THÔNG TIN | K3: TÊN TRAO ĐỔI THÔNG TIN
A4: THÀNH PHẦN MÔ HÌNH (Aligned with IFC Bridge Model View Definition) | E4: LOD | F4: LOI | G4: LOA | H4: Định dạng | I4: Tác giả | J4: Ghi chú | K4: LOD | L4: LOI | M4: LOA | N4: Định dạng | O4: Tác giả | P4: Ghi chú
A5: A | B5: Khảo sát
A6: A | B6: 1 | C6: Địa chính
A7: A | B7: 1 | C7: A | D7: Ranh giới
A8: A | B8: 1 | C8: B | D8: Điểm tham chiếu
A9: A | B9: 1 | C9: C | D9: Quyền sử dụng
A10: A | B10: 1 | C10: D | D10: Mô tả pháp lý
A11: A | B11: 2 | C11: Xây dựng
A12: A | B12: 2 | C12: A | D12: Bố trí
A13: A | B13: 2 | C13: B | D13: Vị trí bố cục
A14: A | B14: 2 | C14: C | D14: Kiểm soát, điều khiển máy móc
A15: A | B15: 3 | C15: Địa hình
A16: A | B16: 3 | C16: A | D16: Hiện trạng
A17: A | B17: 3 | C17: B | D17: Địa hình
A18: B | B18: Giao thông đường bộ
A19: B | B19: 1 | C19: Phương tiện vận chuyển
A20: B | B20: 1 | C20: A | D20: Cơ sở hạ tầng cho người đi bộ
A21: B | B21: 1 | C21: A | D21: Cơ sở hạ tầng cho xe đạp
A22: B | B22: 2 | C22: Lối vào dự án
A23: B | B23: 2 | C23: A | D23: Lối vào dự án
A24: B | B24: 3 | C24: Biện pháp và thiết kế ở dìa dự án
A25: B | B25: 3 | C25: A | D25: Hệ thống vát và lề đường
A26: B | B26: 3 | C26: B | D26: Đường biên an toàn
A27: B | B27: 3 | C27: B | D27: Lề đường
A28: B | B28: 4 | C28: Hình học
A29: B | B29: 4 | C29: A | D29: Hướng ngang
A30: B | B30: 4 | C30: B | D30: Độ dốc
A31: B | B31: 4 | C31: C | D31: Sự nâng
A32: B | B32: 4 | C32: D | D32: Đường cơ sở khác
A33: B | B33: 5 | C33: Nút giao thông
A34: B | B34: 5 | C34: A | D34: Phân làn giao thông
A35: B | B35: 5 | C35: B | D35: Hợp nhất lưu lượng giao thông
A36: B | B36: 5 | C36: C | D36: Đường dốc
A37: B | B37: 5 | C37: D | D37: Cầu vượt/ Đường hầm
A38: B | B38: 6 | C38: Mặt đường
A39: B | B39: 6 | C39: A | D39: Lớp vật liệu lót dưới bề mặt đường
A40: B | B40: 6 | C40: B | D40: Lớp keo trám
A41: B | B41: 6 | C41: C | D41: Điểm liên kết
A42: B | B42: 6 | C42: D | D42: Xây dựng trên 1 tài sản đã có
A43: B | B43: 6 | C43: E | D43: Nâng cấp sửa chữa mặt đường
A44: B | B44: 6 | C44: F | D44: Lớp cấu trúc
A45: B | B45: 6 | C45: G | D45: Bề mặt an toàn
A46: B | B46: 7 | C46: Hệ thống rào chắn
A47: B | B47: 5 | C47: A | D47: Lưới ngăn gia súc
A48: B | B48: 5 | C48: B | D48: Hàng rào
A49: C | B49: Thoát nước
A50: C | B50: 1 | C50: Cống
A51: C | B51: 1 | C51: A | D51: Kiểm soát nước mưa vào hệ thống thoát nước
A52: C | B52: 1 | C52: B | D52: Đường ống
A53: C | B53: 1 | C53: C | D53: Kiểm soát luồng nước ra môi trường
A54: C | B54: 2 | C54: Cống thoát nước
A55: C | B55: 2 | C55: A | D55: Hệ thống thoát nước ngầm dưới bề mặt đường bê tông
A56: C | B56: 2 | C56: B | D56: Cống cạnh bề mặt đường
A57: C | B57: 2 | C57: C | D57: Cống thoát nước ngầm và nước dư
A58: C | B58: 2 | C58: D | D58: Rãnh thoát nước
A59: C | B59: 2 | C59: E | D59: Thoát nước ngầm
A60: C | B60: 3 | C60: Kênh
A61: C | B61: 3 | C61: A | D61: Mương
A62: C | B62: 3 | C62: B | D62: Rãnh
A63: C | B63: 4 | C63: Hệ thống giữ nước và kiểm soát nước
A64: C | B64: 4 | C64: A | D64: Rãnh thẩm thấu
A65: C | B65: 4 | C65: B | D65: Giếng
A66: C | B66: 4 | C66: C | D66: Van, ống dẫn, kênh kiểm soát
A67: C | B67: 4 | C67: D | D67: Ao
A68: C | B68: 4 | C68: E | D68: Hệ thống quản lý nước ngầm
A69: C | B69: 5 | C69: Cống thoát nước mưa
A70: C | B70: 5 | C70: A | D70: lưới
A71: C | B71: 5 | C71: B | D71: Đường ống
A72: C | B72: 5 | C72: C | D72: Cấu trúc
A73: D | B73: Phòng chống xói mòn và kiểm soát trầm tích
A74: D | B74: 1 | C74: Bộ giảm chấn
A75: D | B75: 1 | C75: A | D75: Bộ giảm chấn vĩnh viễn
A76: D | B76: 1 | C76: B | D76: Bộ giảm chấn tạm thời
A77: D | B77: 2 | C77: Biện pháp quản lý tốt vĩnh viễn
A78: D | B78: 2 | C78: A | D78: Đất sửa đổi
A79: D | B79: 2 | C79: B | D79: Đập kiểm soát
A80: D | B80: 2 | C80: C | D80: Vườn mưa
A81: D | B81: 2 | C81: D | D81: Đá chặn sóng
A82: D | B82: 2 | C82: E | D82: Trông cây
A83: D | B83: 2 | C83: F | D83: Hố cây
A84: D | B84: 2 | C84: G | D84: Hồ/ sông/ biển và đầm lầy
A85: D | B85: 3 | C85: Biện pháp quản lý tốt tạm thời
A86: D | B86: 3 | C86: A | D86: Đập ngăn và sự điều hướng
A87: D | B87: 3 | C87: B | D87: Thiết bị phòng chống xói mòn
A88: D | B88: 3 | C88: A | D88: Thiết bị kiểm soát hạt bùn
A89: D | B89: 3 | C89: B | D89: Hố chứa hạt bùn
A90: E | B90: Kỹ thuật địa học
A91: E | B91: 1 | C91: Hệ thống giữ đất
A92: E | B92: 1 | C92: A | D92: Hệ thống giữ đất, đáy, vật liệu xây dựng
A93: E | B93: 2 | C93: Đê chắn kỹ thuật
A94: E | B94: 2 | C94: A | D94: Vật liệu nhựa tổng hợp
A95: E | B95: 2 | C95: B | D95: Hệ thống cầu tích hợp với đất được gia cố bằng vật liệu địa học
A96: E | B96: 2 | C96: C | D96: Tải trọng thêm lên trên
A97: E | B97: 3 | C97: Vật liệu địa học
A98: E | B98: 3 | C98: A | D98: Vật liệu địa học
A99: E | B99: 4 | C99: Hiểm họa địa chất
A100: E | B100: 4 | C100: A | D100: Hiểm họa địa chất
...

Sheet Sheet2
A2: Khảo sát
A4: Cadastral
A6: 1A - Biên giới (Boundaries)
A7: 1B - Địa điểm kiểm soát (Control Monuments)
A8: 1C - Quyền sử dụng đất (Easements)
A9: 1D - Mô tả pháp lý (Legal Description)
A10: Xây dựng
A12: 2A - Bố trí (Layout)
A13: 2B - Địa điểm cục bộ (Localizations)
A14: 2C - Điều khiển máy móc (Machine Control)
A15: Topographic (Địa hình)
A17: 3A - Đặc điểm hiện có (Existing Features)
A18: 3B - Địa hình (Terrain)

Sheet KH TH
B2: Kế hoạch chuyển giao thông tin tổng thể (MIDP)
B4: Số hiệu Dự án | C4: =+Naming!A4 -> NO-11
B5: Tiêu đề dự án | C5: =+Naming!B4 -> NHÀ Ở CHUNG CƯ CAO TẦNG TẠI Ô ĐẤT KÝ HIỆU NO-11
B6: Tác giả | C6: Đinh Nho Cảng
B7: Ngày khởi tạo | C7: =+Cover!C8 -> 14/8/2025
B8: Ngày cập nhật lần cuối | C8: =+Cover!C9 -> 0
B9: Tài liệu tham khảo
P10: Tham khảo tài liệu quy ước đặt tên tệp để biết thông tin | X10: Giai đoạn chuyển giao thông tin #1 | AB10: Giai đoạn chuyển giao thông tin #2
P11: Tên tệp tin | X11: Giai đoạn 1 | Y11: Trình thẩm định | AB11: Giai đoạn 2 | AC11: Trình phê duyệt
B13: BỘ MÔN | C13: MÔ TẢ | D13: Thành phần Mô hình | E13: LOẠI DỮ LIỆU (tự động) | F13: ĐỊNH DẠNG TỆP TIN | G13: Team IICM | I13: TEAM THỰC HIỆN | K13: Tiến độ (chuyển song song Ttra) | P13: DỰ ÁN | Q13: BÊN KHỞI TẠO | R13: KHỐI TÍCH/ HỆ THỐNG | S13: CAO TRÌNH/VỊ TRÍ | T13: LOẠI/ KIỂU | U13: VAI TRÒ/ BỘ MÔN | V13: SỐ THỨ TỰ | W13: TÊN TỆP TIN (tự động) | X13: Bên chủ trì | Y13: Ngày chuyển giao (từ thời điểm ký hợp đông) | Z13: LOD | AA13: LOI | AB13: Bên chủ trì | AC13: Ngày chuyển giao (từ thời điểm có thông báo KQTD) | AD13: LOD | AE13: LOI | AI13: =+'[1]TK_TV-Tổng hợp Chi phí'!$D$6+'[1]TK_TV-Tổng hợp Chi phí'!$D$7 -> 1079947000 | AJ13: =+AI13*0.98 -> 1058348060
M14: Phân bổ theo dự toán
B15: 1. Dữ liệu thiết kế | W15: =IF(P15="","-",CONCATENATE(P15,"-",Q15,"-",R15,"-",S15,"-",T15,"-",U15,"-",V15)) -> - | AJ15: 0.35 | AK15: =+AJ13*AJ15 -> 370421821
B16: Hồ sơ và dữ liệu thiết kế | C16: Khảo sát địa hình | E16: Báo cáo | F16: PDF | I16: KSTK | K16: 28-31/5/2024 ~~~~~ | P16: XVNT | Q16: LDTV | R16: ZZ | S16: XX | T16: RP | U16: G | V16: 0001 | W16: =IF(P16="","-",CONCATENATE(P16,"-",Q16,"-",R16,"-",S16,"-",T16,"-",U16,"-",V16)) -> XVNT-LDTV-ZZ-XX-RP-G-0001 | X16: Nhóm khảo sát | Y16: =31-9 -> 22 | AK16: =+AK15*0.94 -> 3.4819651e+08
C17: Khảo sát địa chất | E17: Báo cáo | F17: PDF | I17: KSTK | P17: XVNT | Q17: LDTV | R17: ZZ | S17: XX | T17: RP | U17: G | V17: 0001 | W17: =IF(P17="","-",CONCATENATE(P17,"-",Q17,"-",R17,"-",S17,"-",T17,"-",U17,"-",V17)) -> XVNT-LDTV-ZZ-XX-RP-G-0001 | X17: Nhóm khảo sát
C18: Thuyết minh thiết kế | E18: Báo cáo | F18: PDF | I18: KSTK | P18: XVNT | Q18: LDTV | R18: ZZ | S18: XX | T18: RP | U18: Z | V18: 0001 | W18: =IF(P18="","-",CONCATENATE(P18,"-",Q18,"-",R18,"-",S18,"-",T18,"-",U18,"-",V18)) -> XVNT-LDTV-ZZ-XX-RP-Z-0001 | X18: Nhóm thiết kế
C19: Bảng tính kết cấu | E19: Tính toán | F19: PDF | I19: KSTK | P19: XVNT | Q19: LDTV | R19: ZZ | S19: XX | T19: RP | U19: S | V19: 0001 | W19: =IF(P19="","-",CONCATENATE(P19,"-",Q19,"-",R19,"-",S19,"-",T19,"-",U19,"-",V19)) -> XVNT-LDTV-ZZ-XX-RP-S-0001 | X19: Nhóm thiết kế
C20: Bản vẽ thiết kế thi công | E20: Bản vẽ 2D | F20: PDF | I20: KSTK | K20: 31~xx/5/2024 ~~~~~ | P20: XVNT | Q20: LDTV | R20: ZZ | S20: XX | T20: M2 | U20: Z | V20: 0001 | W20: =IF(P20="","-",CONCATENATE(P20,"-",Q20,"-",R20,"-",S20,"-",T20,"-",U20,"-",V20)) -> XVNT-LDTV-ZZ-XX-M2-Z-0001 | X20: Nhóm thiết kế | Y20: 22~xx/6/2024
C21: Chỉ dẫn kỹ thuật của dự án | E21: Báo cáo | F21: PDF | I21: KSTK | P21: XVNT | Q21: LDTV | R21: ZZ | S21: XX | T21: RP | U21: Z | V21: 0001 | W21: =IF(P21="","-",CONCATENATE(P21,"-",Q21,"-",R21,"-",S21,"-",T21,"-",U21,"-",V21)) -> XVNT-LDTV-ZZ-XX-RP-Z-0001 | X21: Nhóm thiết kế
B22: 2. Kế hoạch và thủ tục | H22: =+M22 -> 25929527 | M22: =+AJ13*AJ15*AJ22/100 -> 25929527 | AJ22: 7
B23: Kế hoạch triển khai BIM - BEP | C23: Kế hoạch triển khai BIM chi tiết | E23: Tài liệu | F23: PDF | G23: 1 | K23: 45453 | P23: XVNT | Q23: IICM | R23: ZZ | S23: XX | T23: MP | U23: W | V23: 0001 | W23: =IF(P23="","-",CONCATENATE(P23,"-",Q23,"-",R23,"-",S23,"-",T23,"-",U23,"-",V23)) -> XVNT-IICM-ZZ-XX-MP-W-0001 | X23: Nhóm BIM | Y23: 30
C24: Các QT và phụ lục | E24: Tài liệu | F24: PDF | G24: 1 | K24: =+K23 -> 45453 | P24: XVNT | Q24: IICM | R24: ZZ | S24: XX | T24: MP | U24: W | V24: 0002 | W24: =IF(P24="","-",CONCATENATE(P24,"-",Q24,"-",R24,"-",S24,"-",T24,"-",U24,"-",V24)) -> XVNT-IICM-ZZ-XX-MP-W-0002 | X24: Nhóm BIM | Y24: 30
B25: CDE, Tiêu chuẩn và thủ tục | C25: Quy định về CED | E25: Tài liệu | F25: PDF | G25: 1 | K25: =+K24 -> 45453 | P25: XVNT | Q25: IICM | R25: ZZ | S25: XX | T25: MP | U25: W | V25: 0003 | W25: =IF(P25="","-",CONCATENATE(P25,"-",Q25,"-",R25,"-",S25,"-",T25,"-",U25,"-",V25)) -> XVNT-IICM-ZZ-XX-MP-W-0003 | X25: Nhóm BIM | Y25: 30
C26: Hướng dẫn sử dụng CDE | E26: Tài liệu | F26: PDF | G26: 1 | K26: =+K25 -> 45453 | P26: XVNT | Q26: IICM | R26: ZZ | S26: XX | T26: MP | U26: W | V26: 0004 | W26: =IF(P26="","-",CONCATENATE(P26,"-",Q26,"-",R26,"-",S26,"-",T26,"-",U26,"-",V26)) -> XVNT-IICM-ZZ-XX-MP-W-0004 | X26: Nhóm BIM | Y26: 30
C27: Tiêu chuẩn và thủ tục mô hình | E27: Tài liệu | F27: PDF | G27: 1 | K27: =+K26 -> 45453 | P27: XVNT | Q27: IICM | R27: ZZ | S27: XX | T27: MP | U27: W | V27: 0005 | W27: =IF(P27="","-",CONCATENATE(P27,"-",Q27,"-",R27,"-",S27,"-",T27,"-",U27,"-",V27)) -> XVNT-IICM-ZZ-XX-MP-W-0005 | X27: Nhóm BIM | Y27: 30
B28: 3. Mô hình | L28: =+L29+L55 -> 1.8521091e+08 | M28: =+AJ13*AJ15*AJ28/100 -> 1.8521091e+08 | AG28: =+L28/AJ13% -> 17.5 | AJ28: 50
J29: =+L29 -> 1.8521091e+08 | L29: =+M28-M55 -> 1.8521091e+08
B30: Mô hình hiện trạng | C30: Địa hình | D30: Bề mặt hiện trạng | E30: Mô hình 3D | F30: NWD | I30: 100 | K30: 45453 | P30: XVNT | Q30: IICM | R30: ZZ | S30: XX | T30: M3 | U30: G1 | V30: 0001 | W30: =IF(P30="","-",CONCATENATE(P30,"-",Q30,"-",R30,"-",S30,"-",T30,"-",U30,"-",V30)) -> XVNT-IICM-ZZ-XX-M3-G1-0001 | X30: Nhóm BIM | Y30: 40 | Z30: 200 | AA30: 200 | AB30: Nhóm BIM | AC30: 30 | AD30: 200 | AE30: 200
C31: Hạ tầng kỹ thuật | D31: Cống, ga các loại | E31: Mô hình 3D | F31: NWD | I31: 100 | K31: 45461 | P31: XVNT | Q31: IICM | R31: ZZ | S31: XX | T31: M3 | U31: G1 | V31: 0001 | W31: =IF(P31="","-",CONCATENATE(P31,"-",Q31,"-",R31,"-",S31,"-",T31,"-",U31,"-",V31)) -> XVNT-IICM-ZZ-XX-M3-G1-0001 | X31: Nhóm BIM | Z31: 200 | AA31: 200 | AB31: Nhóm BIM | AC31: 30 | AD31: 200 | AE31: 200
C32: Địa vật | D32: Trụ đèn, nhà cửa,… | E32: Mô hình 3D | F32: NWD | I32: 100 | K32: 45461 | P32: XVNT | Q32: IICM | R32: ZZ | S32: XX | T32: M3 | U32: G1 | V32: 0001 | W32: =IF(P32="","-",CONCATENATE(P32,"-",Q32,"-",R32,"-",S32,"-",T32,"-",U32,"-",V32)) -> XVNT-IICM-ZZ-XX-M3-G1-0001 | X32: Nhóm BIM | Z32: 200 | AA32: 200 | AB32: Nhóm BIM | AC32: 30 | AD32: 200 | AE32: 200
B33: Mô hình tổng thể | C33: Mô hình phối hợp | D33: Mô hình tổng hợp các bộ môn | E33: Mô hình 3D | F33: NWD | I33: 100 | K33: 45459 | P33: XVNT | Q33: IICM | R33: ZZ | S33: XX | T33: CM | U33: Z | V33: 0001 | W33: =IF(P33="","-",CONCATENATE(P33,"-",Q33,"-",R33,"-",S33,"-",T33,"-",U33,"-",V33)) -> XVNT-IICM-ZZ-XX-CM-Z-0001 | X33: Nhóm BIM | Y33: 40 | Z33: 300 | AB33: Nhóm BIM | AC33: 30 | AD33: 300
B34: Phần tuyến | C34: Mô hình tuyến chính, vỉa hè… | D34: Mô hình tuyến | E34: Mô hình 3D | F34: IFC | I34: 100 | K34: 45453 | P34: XVNT | Q34: IICM | R34: DTC | S34: XX | T34: M3 | U34: C | V34: 0001 | W34: =IF(P34="","-",CONCATENATE(P34,"-",Q34,"-",R34,"-",S34,"-",T34,"-",U34,"-",V34)) -> XVNT-IICM-DTC-XX-M3-C-0001 | X34: Nhóm BIM | Y34: 40 | Z34: 350 | AA34: 350 | AB34: Nhóm BIM | AC34: 30 | AD34: 400 | AE34: 350
D35: Mô hình vỉa hè | E35: Mô hình 3D | F35: IFC | I35: 100 | K35: 45453 | P35: XVNT | Q35: IICM | R35: DTC | S35: XX | T35: M3 | U35: C | V35: 0001 | W35: =IF(P35="","-",CONCATENATE(P35,"-",Q35,"-",R35,"-",S35,"-",T35,"-",U35,"-",V35)) -> XVNT-IICM-DTC-XX-M3-C-0001 | X35: Nhóm BIM | Y35: 40 | Z35: 350 | AA35: 350 | AB35: Nhóm BIM | AC35: 30 | AD35: 350 | AE35: 350
D36: Mô hình nền | E36: Mô hình 3D | F36: IFC | I36: 100 | K36: 45453 | P36: XVNT | Q36: IICM | R36: DTC | S36: XX | T36: M3 | U36: C | V36: 0001 | W36: =IF(P36="","-",CONCATENATE(P36,"-",Q36,"-",R36,"-",S36,"-",T36,"-",U36,"-",V36)) -> XVNT-IICM-DTC-XX-M3-C-0001 | X36: Nhóm BIM | Y36: 40 | Z36: 350 | AA36: 350 | AB36: Nhóm BIM | AC36: 30 | AD36: 400 | AE36: 350
D37: Mô hình XLĐY | E37: Mô hình 3D | F37: IFC | I37: 100 | K37: 45453 | P37: XVNT | Q37: IICM | R37: DTC | S37: XX | T37: M3 | U37: C | V37: 0001 | W37: =IF(P37="","-",CONCATENATE(P37,"-",Q37,"-",R37,"-",S37,"-",T37,"-",U37,"-",V37)) -> XVNT-IICM-DTC-XX-M3-C-0001 | X37: Nhóm BIM | Y37: 40 | Z37: 350 | AA37: 350 | AB37: Nhóm BIM | AC37: 30 | AD37: 350 | AE37: 350
B38: Nút giao | C38: Nút giao đầu tuyến | D38: Mô hình nút giao | E38: Mô hình 3D | F38: IFC | I38: 100 | K38: 45453 | P38: XVNT | Q38: IICM | R38: NG1 | S38: XX | T38: M3 | U38: C | V38: 0001 | W38: =IF(P38="","-",CONCATENATE(P38,"-",Q38,"-",R38,"-",S38,"-",T38,"-",U38,"-",V38)) -> XVNT-IICM-NG1-XX-M3-C-0001 | X38: Nhóm BIM | Y38: 40 | Z38: 400 | AA38: 350 | AB38: Nhóm BIM | AC38: 30 | AD38: 400 | AE38: 350
C39: Nút giao cuối tuyến | D39: Mô hình nút giao | E39: Mô hình 3D | F39: IFC | I39: 100 | K39: 45453 | P39: XVNT | Q39: IICM | R39: NG2 | S39: XX | T39: M3 | U39: C | V39: 0001 | W39: =IF(P39="","-",CONCATENATE(P39,"-",Q39,"-",R39,"-",S39,"-",T39,"-",U39,"-",V39)) -> XVNT-IICM-NG2-XX-M3-C-0001 | X39: Nhóm BIM | Y39: 40 | Z39: 400 | AA39: 350 | AB39: Nhóm BIM | AC39: 30 | AD39: 400 | AE39: 350
C40: Nút giao đường vành đai phía Đông | D40: Mô hình nút giao | E40: Mô hình 3D | F40: IFC | I40: 100 | K40: 45453 | P40: XVNT | Q40: IICM | R40: NG3 | S40: XX | T40: M3 | U40: C | V40: 0001 | W40: =IF(P40="","-",CONCATENATE(P40,"-",Q40,"-",R40,"-",S40,"-",T40,"-",U40,"-",V40)) -> XVNT-IICM-NG3-XX-M3-C-0001 | X40: Nhóm BIM | Y40: 40 | Z40: 400 | AA40: 350 | AB40: Nhóm BIM | AC40: 30 | AD40: 400 | AE40: 350
D41: Mô hình các nhánh | E41: Mô hình 3D | F41: IFC | I41: 100 | K41: 45453 | P41: XVNT | Q41: IICM | R41: NG3 | S41: XX | T41: M3 | U41: C | V41: 0001 | W41: =IF(P41="","-",CONCATENATE(P41,"-",Q41,"-",R41,"-",S41,"-",T41,"-",U41,"-",V41)) -> XVNT-IICM-NG3-XX-M3-C-0001 | X41: Nhóm BIM | Y41: 40 | Z41: 400 | AA41: 350 | AB41: Nhóm BIM | AC41: 30 | AD41: 400 | AE41: 350
B42: Đường nhánh | C42: Đường nhánh và đường giao | D42: Mô hình các đường giao và đường nhánh | E42: Mô hình 3D | F42: IFC | I42: 100 | K42: 45458 | P42: XVNT | Q42: IICM | R42: ZZ | S42: XX | T42: M3 | U42: C | V42: 0001 | W42: =IF(P42="","-",CONCATENATE(P42,"-",Q42,"-",R42,"-",S42,"-",T42,"-",U42,"-",V42)) -> XVNT-IICM-ZZ-XX-M3-C-0001 | X42: Nhóm BIM | Y42: 40 | Z42: 300 | AA42: 300 | AB42: Nhóm BIM | AC42: 30 | AD42: 300 | AE42: 300
B43: Hệ thống hạ tầng kỹ thuật | C43: Hệ thống thoát nước | D43: Mô hình cống ngang nhỏ | E43: Mô hình 3D | F43: IFC | I43: 100 | K43: =+K42 -> 45458 | P43: XVNT | Q43: IICM | R43: CNN | S43: XX | T43: M3 | U43: D | V43: 0001 | W43: =IF(P43="","-",CONCATENATE(P43,"-",Q43,"-",R43,"-",S43,"-",T43,"-",U43,"-",V43)) -> XVNT-IICM-CNN-XX-M3-D-0001 | X43: Nhóm BIM | Y43: 40 | Z43: 300 | AA43: 300 | AB43: Nhóm BIM | AC43: 30 | AD43: 300 | AE43: 300
D44: Mô hình cống hộp lớn | E44: Mô hình 3D | F44: IFC | I44: 100 | K44: =+K43 -> 45458 | P44: XVNT | Q44: IICM | R44: CHL | S44: XX | T44: M3 | U44: D | V44: 0002 | W44: =IF(P44="","-",CONCATENATE(P44,"-",Q44,"-",R44,"-",S44,"-",T44,"-",U44,"-",V44)) -> XVNT-IICM-CHL-XX-M3-D-0002 | X44: Nhóm BIM | Y44: 40 | Z44: 300 | AA44: 300 | AB44: Nhóm BIM | AC44: 30 | AD44: 350 | AE44: 350
D45: Mô hình hệ thống thoát nước dọc | E45: Mô hình 3D | F45: IFC | I45: 50 | K45: =+K44 -> 45458 | P45: XVNT | Q45: IICM | R45: TNM | S45: XX | T45: M3 | U45: D | V45: 0001 | W45: =IF(P45="","-",CONCATENATE(P45,"-",Q45,"-",R45,"-",S45,"-",T45,"-",U45,"-",V45)) -> XVNT-IICM-TNM-XX-M3-D-0001 | X45: Nhóm BIM | Y45: 40 | Z45: 300 | AA45: 300 | AB45: Nhóm BIM | AC45: 30 | AD45: 300 | AE45: 300
C46: Cải kênh | D46: Mô hình hệ thống cải kênh | E46: Mô hình 3D | F46: NWC | I46: 100 | K46: =+K45 -> 45458 | P46: XVNT | Q46: IICM | R46: TNM | S46: XX | T46: M3 | U46: D | V46: 0001 | W46: =IF(P46="","-",CONCATENATE(P46,"-",Q46,"-",R46,"-",S46,"-",T46,"-",U46,"-",V46)) -> XVNT-IICM-TNM-XX-M3-D-0001 | X46: Nhóm BIM | Y46: 40 | Z46: 300 | AA46: 300 | AB46: Nhóm BIM | AC46: 30 | AD46: 300 | AE46: 300
C47: Điện và chiếu sáng | D47: Mô hình Hệ thống chiếu sáng trên cầu và nút giao | E47: Mô hình 3D | F47: NWC | I47: 100 | K47: =+K46 -> 45458 | P47: XVNT | Q47: IICM | R47: DCS | S47: XX | T47: M3 | U47: E | V47: 0001 | W47: =IF(P47="","-",CONCATENATE(P47,"-",Q47,"-",R47,"-",S47,"-",T47,"-",U47,"-",V47)) -> XVNT-IICM-DCS-XX-M3-E-0001 | X47: Nhóm BIM | Y47: 40 | Z47: 300 | AA47: 300 | AB47: Nhóm BIM | AC47: 30 | AD47: 300 | AE47: 300
D48: Mô hình Hệ thống chờ chiếu sáng | E48: Mô hình 3D | F48: NWC | I48: 100 | K48: =+K47 -> 45458 | P48: XVNT | Q48: IICM | R48: DCS | S48: XX | T48: M3 | U48: E | V48: 0001 | W48: =IF(P48="","-",CONCATENATE(P48,"-",Q48,"-",R48,"-",S48,"-",T48,"-",U48,"-",V48)) -> XVNT-IICM-DCS-XX-M3-E-0001 | X48: Nhóm BIM | Y48: 40 | Z48: 300 | AA48: 300 | AB48: Nhóm BIM | AC48: 30 | AD48: 300 | AE48: 300
C49: Cây xanh và cảnh quan | D49: Mô hình cây xanh và cảnh quan | E49: Mô hình 3D | F49: NWC | I49: 100 | K49: =+K48 -> 45458 | P49: XVNT | Q49: IICM | R49: CXCQ | S49: XX | T49: M3 | U49: L | V49: 0001 | W49: =IF(P49="","-",CONCATENATE(P49,"-",Q49,"-",R49,"-",S49,"-",T49,"-",U49,"-",V49)) -> XVNT-IICM-CXCQ-XX-M3-L-0001 | X49: Nhóm BIM | Y49: 40 | Z49: 300 | AB49: Nhóm BIM | AC49: 30 | AD49: 300
C50: An toàn giao thông | D50: Mô hình Vạch sơn tuyến và nút giao | E50: Mô hình 3D | F50: NWC | I50: 100 | K50: =+K49 -> 45458 | P50: XVNT | Q50: IICM | R50: ATGT | S50: XX | T50: M3 | U50: C | V50: 0001 | W50: =IF(P50="","-",CONCATENATE(P50,"-",Q50,"-",R50,"-",S50,"-",T50,"-",U50,"-",V50)) -> XVNT-IICM-ATGT-XX-M3-C-0001 | X50: Nhóm BIM | Y50: 40 | Z50: 300 | AA50: 300 | AB50: Nhóm BIM | AC50: 30 | AD50: 300 | AE50: 300
D51: Mô hình Biển báo trên tuyến và nút giao | E51: Mô hình 3D | F51: NWC | I51: 100 | K51: =+K50 -> 45458 | P51: XVNT | Q51: IICM | R51: ATGT | S51: XX | T51: M3 | U51: C | V51: 0001 | W51: =IF(P51="","-",CONCATENATE(P51,"-",Q51,"-",R51,"-",S51,"-",T51,"-",U51,"-",V51)) -> XVNT-IICM-ATGT-XX-M3-C-0001 | X51: Nhóm BIM | Y51: 40 | Z51: 300 | AA51: 300 | AB51: Nhóm BIM | AC51: 30 | AD51: 300 | AE51: 300
C52: Cống kỹ thuật | D52: Mô hình các cống kỹ thuật | E52: Mô hình 3D | F52: IFC | I52: 100 | K52: =+K51 -> 45458 | P52: XVNT | Q52: IICM | R52: CKT | S52: XX | T52: M3 | U52: S | V52: 0001 | W52: =IF(P52="","-",CONCATENATE(P52,"-",Q52,"-",R52,"-",S52,"-",T52,"-",U52,"-",V52)) -> XVNT-IICM-CKT-XX-M3-S-0001 | X52: Nhóm BIM | Y52: 40 | Z52: 300 | AA52: 300 | AB52: Nhóm BIM | AC52: 30 | AD52: 300 | AE52: 300
B55: Cầu sông Rào Cái | C55: Cầu sông Rào Cái và cầu vượt | D55: Kết cấu phần dưới | E55: Mô hình 3D | F55: IFC | I55: 100 | J55: =+L55 -> 0 | K55: =+K52 -> 45458 | L55: =+M55 -> 0 | P55: XVNT | Q55: IICM | R55: CRC | S55: KCD | T55: M3 | U55: S | V55: 0001 | W55: =IF(P55="","-",CONCATENATE(P55,"-",Q55,"-",R55,"-",S55,"-",T55,"-",U55,"-",V55)) -> XVNT-IICM-CRC-KCD -M3-S-0001 | X55: Nhóm BIM | Y55: 40 | Z55: 350 | AA55: 350 | AB55: Nhóm BIM | AC55: 30 | AD55: 350 | AE55: 350 | AK55: 10
D56: Kết cấu phần trên | E56: Mô hình 3D | F56: IFC | I56: 100 | K56: =+K55 -> 45458 | P56: XVNT | Q56: IICM | R56: CRC | S56: KCT | T56: M3 | U56: S | V56: 0001 | W56: =IF(P56="","-",CONCATENATE(P56,"-",Q56,"-",R56,"-",S56,"-",T56,"-",U56,"-",V56)) -> XVNT-IICM-CRC-KCT -M3-S-0001 | X56: Nhóm BIM | Y56: 40 | Z56: 350 | AA56: 350 | AB56: Nhóm BIM | AC56: 30 | AD56: 350 | AE56: 350
D57: Gối, khe co giãn, lan can | E57: Mô hình 3D | F57: IFC | I57: 100 | K57: =+K56 -> 45458 | P57: XVNT | Q57: IICM | R57: CRC | S57: MIS | T57: M3 | U57: S | V57: 0001 | W57: =IF(P57="","-",CONCATENATE(P57,"-",Q57,"-",R57,"-",S57,"-",T57,"-",U57,"-",V57)) -> XVNT-IICM-CRC-MIS-M3-S-0001 | X57: Nhóm BIM | Y57: 40 | Z57: 300 | AA57: 300 | AB57: Nhóm BIM | AC57: 30 | AD57: 300 | AE57: 300
D58: Hệ thống thoát nước | E58: Mô hình 3D | F58: IFC | I58: 100 | K58: =+K57 -> 45458 | P58: XVNT | Q58: IICM | R58: CRC | S58: MIS | T58: M3 | U58: S | V58: 0001 | W58: =IF(P58="","-",CONCATENATE(P58,"-",Q58,"-",R58,"-",S58,"-",T58,"-",U58,"-",V58)) -> XVNT-IICM-CRC-MIS-M3-S-0001 | X58: Nhóm BIM | Y58: 40 | Z58: 300 | AA58: 300 | AB58: Nhóm BIM | AC58: 30 | AD58: 300 | AE58: 300
B59: 2.2 Cầu Mễ Sở | X59: Nhóm BIM
B60: Mô hình hiện trạng | C60: Địa hình | D60: Bề mặt hiện trạng | E60: Mô hình 3D | F60: NWD | P60: XVNT | Q60: TED | R60: ZZ | S60: ZZ | T60: M3 | U60: G2 | V60: 0001 | W60: =IF(P60="","-",CONCATENATE(P60,"-",Q60,"-",R60,"-",S60,"-",T60,"-",U60,"-",V60)) -> XVNT-TED-ZZ-ZZ-M3-G2-0001 | X60: Nhóm BIM | Y60: 90 | Z60: 200 | AA60: 200 | AB60: Nhóm thực hiện BIM | AC60: 30 | AD60: 200 | AE60: 200
C61: Hạ tầng kỹ thuật | D61: Cống, ga các loại | E61: Mô hình 3D | F61: NWD | P61: XVNT | Q61: TED | R61: ZZ | S61: ZZ | T61: M3 | U61: G2 | V61: 0001 | W61: =IF(P61="","-",CONCATENATE(P61,"-",Q61,"-",R61,"-",S61,"-",T61,"-",U61,"-",V61)) -> XVNT-TED-ZZ-ZZ-M3-G2-0001 | X61: Nhóm BIM | Y61: 90 | Z61: 200 | AA61: 200 | AB61: Nhóm thực hiện BIM | AC61: 30 | AD61: 200 | AE61: 200
C62: Địa vật | D62: Trụ đèn, nhà cửa,… | E62: Mô hình 3D | F62: NWD | P62: XVNT | Q62: TED | R62: ZZ | S62: ZZ | T62: M3 | U62: G2 | V62: 0001 | W62: =IF(P62="","-",CONCATENATE(P62,"-",Q62,"-",R62,"-",S62,"-",T62,"-",U62,"-",V62)) -> XVNT-TED-ZZ-ZZ-M3-G2-0001 | X62: Nhóm BIM | Y62: 90 | Z62: 200 | AA62: 200 | AB62: Nhóm thực hiện BIM | AC62: 30 | AD62: 200 | AE62: 200
B63: Mô hình tổng thể | C63: Mô hình phối hợp | D63: Mô hình tổng hợp các bộ môn | E63: Mô hình 3D | F63: NWD | P63: XVNT | Q63: TED | R63: ZZ | S63: ZZ | T63: CM | U63: Z2 | V63: 0001 | W63: =IF(P63="","-",CONCATENATE(P63,"-",Q63,"-",R63,"-",S63,"-",T63,"-",U63,"-",V63)) -> XVNT-TED-ZZ-ZZ-CM-Z2-0001 | X63: Nhóm BIM | Y63: 180 | Z63: 300 | AA63: 300 | AB63: Nhóm thực hiện BIM | AC63: 30 | AD63: 300 | AE63: 300
B64: Hệ thống hạ tầng kỹ thuật | C64: Hệ thống thoát nước | D64: Mô hình cống ngang | X64: Nhóm BIM
D65: Mô hình hệ thống thoát nước dọc | X65: Nhóm BIM
C66: Điện và chiếu sáng | D66: Hệ thống chiếu sáng trên cầu | E66: Mô hình 3D | F66: IFC | P66: RR4.P3.4 | Q66: TED | R66: CSGT | S66: ZZ | T66: M3 | U66: E3 | V66: 0001 | W66: =IF(P66="","-",CONCATENATE(P66,"-",Q66,"-",R66,"-",S66,"-",T66,"-",U66,"-",V66)) -> RR4.P3.4-TED-CSGT-ZZ-M3-E3-0001 | X66: Nhóm BIM | Y66: 160 | Z66: 300 | AA66: 300 | AB66: Nhóm thực hiện BIM | AC66: 30 | AD66: 300 | AE66: 300
D67: Hệ thống chờ chiếu sáng | E67: Mô hình 3D | F67: IFC | P67: RR4.P3.4 | Q67: TED | R67: CSGT | S67: ZZ | T67: M3 | U67: E3 | V67: 0002 | W67: =IF(P67="","-",CONCATENATE(P67,"-",Q67,"-",R67,"-",S67,"-",T67,"-",U67,"-",V67)) -> RR4.P3.4-TED-CSGT-ZZ-M3-E3-0002 | X67: Nhóm BIM | Y67: 160 | Z67: 300 | AA67: 300 | AB67: Nhóm thực hiện BIM | AC67: 30 | AD67: 300 | AE67: 300
C68: An toàn giao thông | D68: Vạch sơn tuyến và nút giao | E68: Mô hình 3D | F68: NWC | P68: RR4.P3.4 | Q68: TED | R68: ATGT | S68: ZZ | T68: M3 | U68: C3 | V68: 0001 | W68: =IF(P68="","-",CONCATENATE(P68,"-",Q68,"-",R68,"-",S68,"-",T68,"-",U68,"-",V68)) -> RR4.P3.4-TED-ATGT-ZZ-M3-C3-0001 | X68: Nhóm BIM | Y68: 160 | Z68: 300 | AA68: 300 | AB68: Nhóm thực hiện BIM | AC68: 30 | AD68: 300 | AE68: 300
D69: Biển báo trên tuyến và nút giao | E69: Mô hình 3D | F69: NWC | P69: RR4.P3.4 | Q69: TED | R69: ATGT | S69: ZZ | T69: M3 | U69: C3 | V69: 0001 | W69: =IF(P69="","-",CONCATENATE(P69,"-",Q69,"-",R69,"-",S69,"-",T69,"-",U69,"-",V69)) -> RR4.P3.4-TED-ATGT-ZZ-M3-C3-0001 | X69: Nhóm BIM | Y69: 160 | Z69: 300 | AA69: 300 | AB69: Nhóm thực hiện BIM | AC69: 30 | AD69: 300 | AE69: 300
B70: Cầu Mễ Sở | C70: Cầu vượt đê Tả Hồng | D70: Kết cấu phần dưới | E70: Mô hình 3D | F70: IFC | P70: XVNT | Q70: TED | R70: CVD1 | S70: KCD | T70: M3 | U70: S2 | V70: 0001 | W70: =IF(P70="","-",CONCATENATE(P70,"-",Q70,"-",R70,"-",S70,"-",T70,"-",U70,"-",V70)) -> XVNT-TED-CVD1-KCD -M3-S2-0001 | X70: Nhóm BIM | Y70: 120 | Z70: 300 | AA70: 300 | AB70: Nhóm thực hiện BIM | AC70: 30 | AD70: 300 | AE70: 300
D71: Kết cấu phần trên | E71: Mô hình 3D | F71: IFC | P71: XVNT | Q71: TED | R71: CVD1 | S71: KCT | T71: M3 | U71: S2 | V71: 0001 | W71: =IF(P71="","-",CONCATENATE(P71,"-",Q71,"-",R71,"-",S71,"-",T71,"-",U71,"-",V71)) -> XVNT-TED-CVD1-KCT -M3-S2-0001 | X71: Nhóm BIM | Y71: 120 | Z71: 300 | AA71: 300 | AB71: Nhóm thực hiện BIM | AC71: 30 | AD71: 300 | AE71: 300
D72: Gối, khe co giãn, lan can | E72: Mô hình 3D | F72: IFC | P72: XVNT | Q72: TED | R72: CVD1 | S72: MIS | T72: M3 | U72: S2 | V72: 0001 | W72: =IF(P72="","-",CONCATENATE(P72,"-",Q72,"-",R72,"-",S72,"-",T72,"-",U72,"-",V72)) -> XVNT-TED-CVD1-MIS-M3-S2-0001 | X72: Nhóm BIM | Y72: 120 | Z72: 300 | AA72: 300 | AB72: Nhóm thực hiện BIM | AC72: 30 | AD72: 300 | AE72: 300
D73: Hệ thống thoát nước | E73: Mô hình 3D | F73: IFC | P73: XVNT | Q73: TED | R73: CVD1 | S73: MIS | T73: M3 | U73: S2 | V73: 0001 | W73: =IF(P73="","-",CONCATENATE(P73,"-",Q73,"-",R73,"-",S73,"-",T73,"-",U73,"-",V73)) -> XVNT-TED-CVD1-MIS-M3-S2-0001 | X73: Nhóm BIM | Y73: 120 | Z73: 300 | AA73: 300 | AB73: Nhóm thực hiện BIM | AC73: 30 | AD73: 300 | AE73: 300
C74: Cầu dẫn bãi sông Tả Hồng | D74: Kết cấu phần dưới | E74: Mô hình 3D | F74: IFC | P74: XVNT | Q74: TED | R74: CBS1 | S74: KCD | T74: M3 | U74: S2 | V74: 0001 | W74: =IF(P74="","-",CONCATENATE(P74,"-",Q74,"-",R74,"-",S74,"-",T74,"-",U74,"-",V74)) -> XVNT-TED-CBS1-KCD -M3-S2-0001 | X74: Nhóm BIM | Y74: 120 | Z74: 300 | AA74: 300 | AB74: Nhóm thực hiện BIM | AC74: 30 | AD74: 300 | AE74: 300
D75: Kết cấu phần trên | E75: Mô hình 3D | F75: IFC | P75: XVNT | Q75: TED | R75: CBS1 | S75: KCT | T75: M3 | U75: S2 | V75: 0001 | W75: =IF(P75="","-",CONCATENATE(P75,"-",Q75,"-",R75,"-",S75,"-",T75,"-",U75,"-",V75)) -> XVNT-TED-CBS1-KCT -M3-S2-0001 | X75: Nhóm BIM | Y75: 120 | Z75: 300 | AA75: 300 | AB75: Nhóm thực hiện BIM | AC75: 30 | AD75: 300 | AE75: 300
D76: Gối, khe co giãn, lan can | E76: Mô hình 3D | F76: IFC | P76: XVNT | Q76: TED | R76: CBS1 | S76: MIS | T76: M3 | U76: S2 | V76: 0001 | W76: =IF(P76="","-",CONCATENATE(P76,"-",Q76,"-",R76,"-",S76,"-",T76,"-",U76,"-",V76)) -> XVNT-TED-CBS1-MIS-M3-S2-0001 | X76: Nhóm BIM | Y76: 120 | Z76: 300 | AA76: 300 | AB76: Nhóm thực hiện BIM | AC76: 30 | AD76: 300 | AE76: 300
D77: Hệ thống thoát nước | E77: Mô hình 3D | F77: IFC | P77: XVNT | Q77: TED | R77: CBS1 | S77: MIS | T77: M3 | U77: S2 | V77: 0001 | W77: =IF(P77="","-",CONCATENATE(P77,"-",Q77,"-",R77,"-",S77,"-",T77,"-",U77,"-",V77)) -> XVNT-TED-CBS1-MIS-M3-S2-0001 | X77: Nhóm BIM | Y77: 120 | Z77: 300 | AA77: 300 | AB77: Nhóm thực hiện BIM | AC77: 30 | AD77: 300 | AE77: 300
C78: Cầu chính vượt sông Hồng | D78: Kết cấu phần dưới liên 1 | E78: Mô hình 3D | F78: IFC | P78: XVNT | Q78: TED | R78: CCVS | S78: KCD | T78: M3 | U78: S2 | V78: 0001 | W78: =IF(P78="","-",CONCATENATE(P78,"-",Q78,"-",R78,"-",S78,"-",T78,"-",U78,"-",V78)) -> XVNT-TED-CCVS-KCD -M3-S2-0001 | X78: Nhóm BIM | Y78: 150 | Z78: 300 | AA78: 300 | AB78: Nhóm thực hiện BIM | AC78: 30 | AD78: 300 | AE78: 300
D79: Kết cấu phần dưới liên 2 | E79: Mô hình 3D | F79: IFC | P79: XVNT | Q79: TED | R79: CCVS | S79: KCD | T79: M3 | U79: S2 | V79: 0002 | W79: =IF(P79="","-",CONCATENATE(P79,"-",Q79,"-",R79,"-",S79,"-",T79,"-",U79,"-",V79)) -> XVNT-TED-CCVS-KCD -M3-S2-0002 | X79: Nhóm BIM | Y79: 150 | Z79: 300 | AA79: 300 | AB79: Nhóm thực hiện BIM | AC79: 30 | AD79: 300 | AE79: 300
D80: Kết cấu phần dưới liên 3 | E80: Mô hình 3D | F80: IFC | P80: XVNT | Q80: TED | R80: CCVS | S80: KCD | T80: M3 | U80: S2 | V80: 0003 | W80: =IF(P80="","-",CONCATENATE(P80,"-",Q80,"-",R80,"-",S80,"-",T80,"-",U80,"-",V80)) -> XVNT-TED-CCVS-KCD -M3-S2-0003 | X80: Nhóm BIM | Y80: 150 | Z80: 300 | AA80: 300 | AB80: Nhóm thực hiện BIM | AC80: 30 | AD80: 300 | AE80: 300
D81: Kết cấu phần trên liên 1 | E81: Mô hình 3D | F81: IFC | P81: XVNT | Q81: TED | R81: CCVS | S81: KCT | T81: M3 | U81: S2 | V81: 0001 | W81: =IF(P81="","-",CONCATENATE(P81,"-",Q81,"-",R81,"-",S81,"-",T81,"-",U81,"-",V81)) -> XVNT-TED-CCVS-KCT -M3-S2-0001 | X81: Nhóm BIM | Y81: 150 | Z81: 300 | AA81: 300 | AB81: Nhóm thực hiện BIM | AC81: 30 | AD81: 300 | AE81: 300
D82: Kết cấu phần trên liên 2 | E82: Mô hình 3D | F82: IFC | P82: XVNT | Q82: TED | R82: CCVS | S82: KCT | T82: M3 | U82: S2 | V82: 0002 | W82: =IF(P82="","-",CONCATENATE(P82,"-",Q82,"-",R82,"-",S82,"-",T82,"-",U82,"-",V82)) -> XVNT-TED-CCVS-KCT -M3-S2-0002 | X82: Nhóm BIM | Y82: 150 | Z82: 300 | AA82: 300 | AB82: Nhóm thực hiện BIM | AC82: 30 | AD82: 300 | AE82: 300
D83: Kết cấu phần trên liên 3 | E83: Mô hình 3D | F83: IFC | P83: XVNT | Q83: TED | R83: CCVS | S83: KCT | T83: M3 | U83: S2 | V83: 0003 | W83: =IF(P83="","-",CONCATENATE(P83,"-",Q83,"-",R83,"-",S83,"-",T83,"-",U83,"-",V83)) -> XVNT-TED-CCVS-KCT -M3-S2-0003 | X83: Nhóm BIM | Y83: 150 | Z83: 300 | AA83: 300 | AB83: Nhóm thực hiện BIM | AC83: 30 | AD83: 300 | AE83: 300
D84: Gối, khe co giãn, lan can | E84: Mô hình 3D | F84: IFC | P84: XVNT | Q84: TED | R84: CCVS | S84: MIS | T84: M3 | U84: S2 | V84: 0001 | W84: =IF(P84="","-",CONCATENATE(P84,"-",Q84,"-",R84,"-",S84,"-",T84,"-",U84,"-",V84)) -> XVNT-TED-CCVS-MIS-M3-S2-0001 | X84: Nhóm BIM | Y84: 150 | Z84: 300 | AA84: 300 | AB84: Nhóm thực hiện BIM | AC84: 30 | AD84: 300 | AE84: 300
D85: Hệ thống thoát nước | E85: Mô hình 3D | F85: IFC | P85: XVNT | Q85: TED | R85: CCVS | S85: MIS | T85: M3 | U85: S2 | V85: 0001 | W85: =IF(P85="","-",CONCATENATE(P85,"-",Q85,"-",R85,"-",S85,"-",T85,"-",U85,"-",V85)) -> XVNT-TED-CCVS-MIS-M3-S2-0001 | X85: Nhóm BIM | Y85: 120 | Z85: 300 | AA85: 300 | AB85: Nhóm thực hiện BIM | AC85: 30 | AD85: 300 | AE85: 300
C86: Cầu dẫn bãi sông Hữu Hồng | D86: Kết cấu phần dưới | E86: Mô hình 3D | F86: IFC | P86: XVNT | Q86: TED | R86: CBS2 | S86: KCD | T86: M3 | U86: S2 | V86: 0001 | W86: =IF(P86="","-",CONCATENATE(P86,"-",Q86,"-",R86,"-",S86,"-",T86,"-",U86,"-",V86)) -> XVNT-TED-CBS2-KCD -M3-S2-0001 | X86: Nhóm BIM | Y86: 120 | Z86: 300 | AA86: 300 | AB86: Nhóm thực hiện BIM | AC86: 30 | AD86: 300 | AE86: 300
D87: Kết cấu phần trên | E87: Mô hình 3D | F87: IFC | P87: XVNT | Q87: TED | R87: CBS2 | S87: KCT | T87: M3 | U87: S2 | V87: 0001 | W87: =IF(P87="","-",CONCATENATE(P87,"-",Q87,"-",R87,"-",S87,"-",T87,"-",U87,"-",V87)) -> XVNT-TED-CBS2-KCT -M3-S2-0001 | X87: Nhóm BIM | Y87: 120 | Z87: 350 | AA87: 350 | AB87: Nhóm thực hiện BIM | AC87: 30 | AD87: 350 | AE87: 350
D88: Gối, khe co giãn, lan can | E88: Mô hình 3D | F88: IFC | P88: XVNT | Q88: TED | R88: CBS2 | S88: MIS | T88: M3 | U88: S2 | V88: 0001 | W88: =IF(P88="","-",CONCATENATE(P88,"-",Q88,"-",R88,"-",S88,"-",T88,"-",U88,"-",V88)) -> XVNT-TED-CBS2-MIS-M3-S2-0001 | X88: Nhóm BIM | Y88: 120 | Z88: 350 | AA88: 350 | AB88: Nhóm thực hiện BIM | AC88: 30 | AD88: 350 | AE88: 350
D89: Hệ thống thoát nước | E89: Mô hình 3D | F89: IFC | P89: XVNT | Q89: TED | R89: CBS2 | S89: MIS | T89: M3 | U89: S2 | V89: 0001 | W89: =IF(P89="","-",CONCATENATE(P89,"-",Q89,"-",R89,"-",S89,"-",T89,"-",U89,"-",V89)) -> XVNT-TED-CBS2-MIS-M3-S2-0001 | X89: Nhóm BIM | Y89: 120 | Z89: 350 | AA89: 350 | AB89: Nhóm thực hiện BIM | AC89: 30 | AD89: 350 | AE89: 350
C90: Cầu vượt đê Hữu Hồng | D90: Kết cấu phần dưới | E90: Mô hình 3D | F90: IFC | P90: XVNT | Q90: TED | R90: CVD2 | S90: KCD | T90: M3 | U90: S2 | V90: 0001 | W90: =IF(P90="","-",CONCATENATE(P90,"-",Q90,"-",R90,"-",S90,"-",T90,"-",U90,"-",V90)) -> XVNT-TED-CVD2-KCD -M3-S2-0001 | X90: Nhóm BIM | Y90: 120 | Z90: 350 | AA90: 350 | AB90: Nhóm thực hiện BIM | AC90: 30 | AD90: 350 | AE90: 350
D91: Kết cấu phần trên | E91: Mô hình 3D | F91: IFC | P91: XVNT | Q91: TED | R91: CVD2 | S91: KCT | T91: M3 | U91: S2 | V91: 0001 | W91: =IF(P91="","-",CONCATENATE(P91,"-",Q91,"-",R91,"-",S91,"-",T91,"-",U91,"-",V91)) -> XVNT-TED-CVD2-KCT -M3-S2-0001 | X91: Nhóm BIM | Y91: 120 | Z91: 350 | AA91: 350 | AB91: Nhóm thực hiện BIM | AC91: 30 | AD91: 350 | AE91: 350
D92: Gối, khe co giãn, lan can | E92: Mô hình 3D | F92: IFC | P92: XVNT | Q92: TED | R92: CVD2 | S92: MIS | T92: M3 | U92: S2 | V92: 0001 | W92: =IF(P92="","-",CONCATENATE(P92,"-",Q92,"-",R92,"-",S92,"-",T92,"-",U92,"-",V92)) -> XVNT-TED-CVD2-MIS-M3-S2-0001 | X92: Nhóm BIM | Y92: 120 | Z92: 300 | AA92: 300 | AB92: Nhóm thực hiện BIM | AC92: 30 | AD92: 300 | AE92: 300
D93: Hệ thống thoát nước | E93: Mô hình 3D | F93: IFC | P93: XVNT | Q93: TED | R93: CVD2 | S93: MIS | T93: M3 | U93: S2 | V93: 0001 | W93: =IF(P93="","-",CONCATENATE(P93,"-",Q93,"-",R93,"-",S93,"-",T93,"-",U93,"-",V93)) -> XVNT-TED-CVD2-MIS-M3-S2-0001 | X93: Nhóm BIM | Y93: 120 | Z93: 300 | AA93: 300 | AB93: Nhóm thực hiện BIM | AC93: 30 | AD93: 300 | AE93: 300
B94: 2.3 Nút giao Hà Nội - Hải phòng | X94: Nhóm BIM
B95: Mô hình hiện trạng | C95: Địa hình | D95: Bề mặt hiện trạng | E95: Mô hình 3D | F95: NWD | P95: RR4.P3.4 | Q95: TED | R95: ZZ | S95: ZZ | T95: M3 | U95: G3 | V95: 0001 | W95: =IF(P95="","-",CONCATENATE(P95,"-",Q95,"-",R95,"-",S95,"-",T95,"-",U95,"-",V95)) -> RR4.P3.4-TED-ZZ-ZZ-M3-G3-0001 | X95: Nhóm BIM | Y95: 90 | Z95: 200 | AA95: 200 | AB95: Nhóm thực hiện BIM | AC95: 30 | AD95: 200 | AE95: 200
C96: Hạ tầng kỹ thuật | D96: Cống, ga các loại | E96: Mô hình 3D | F96: NWD | P96: RR4.P3.4 | Q96: TED | R96: ZZ | S96: ZZ | T96: M3 | U96: G3 | V96: 0001 | W96: =IF(P96="","-",CONCATENATE(P96,"-",Q96,"-",R96,"-",S96,"-",T96,"-",U96,"-",V96)) -> RR4.P3.4-TED-ZZ-ZZ-M3-G3-0001 | X96: Nhóm BIM | Y96: 90 | Z96: 200 | AA96: 200 | AB96: Nhóm thực hiện BIM | AC96: 30 | AD96: 200 | AE96: 200
C97: Địa vật | D97: Trụ đèn, nhà cửa,… | E97: Mô hình 3D | F97: NWD | P97: RR4.P3.4 | Q97: TED | R97: ZZ | S97: ZZ | T97: M3 | U97: G3 | V97: 0001 | W97: =IF(P97="","-",CONCATENATE(P97,"-",Q97,"-",R97,"-",S97,"-",T97,"-",U97,"-",V97)) -> RR4.P3.4-TED-ZZ-ZZ-M3-G3-0001 | X97: Nhóm BIM | Y97: 90 | Z97: 200 | AA97: 200 | AB97: Nhóm thực hiện BIM | AC97: 30 | AD97: 200 | AE97: 200
B98: Mô hình tổng thể | C98: Mô hình phối hợp | D98: Mô hình tổng hợp các bộ môn | E98: Mô hình 3D | F98: NWD | P98: RR4.P3.4 | Q98: TED | R98: ZZ | S98: ZZ | T98: CM | U98: Z3 | V98: 0001 | W98: =IF(P98="","-",CONCATENATE(P98,"-",Q98,"-",R98,"-",S98,"-",T98,"-",U98,"-",V98)) -> RR4.P3.4-TED-ZZ-ZZ-CM-Z3-0001 | X98: Nhóm BIM | Y98: 180 | Z98: 300 | AA98: 300 | AB98: Nhóm thực hiện BIM | AC98: 30 | AD98: 300 | AE98: 300
B99: Hệ thống hạ tầng kỹ thuật | C99: Hệ thống thoát nước | D99: Mô hình cống ngang | X99: Nhóm BIM
D100: Mô hình hệ thống thoát nước dọc | X100: Nhóm BIM
C101: Điện và chiếu sáng | D101: Hệ thống chiếu sáng trên cầu | E101: Mô hình 3D | F101: IFC | P101: RR4.P3.4 | Q101: TED | R101: CSGT | S101: ZZ | T101: M3 | U101: E3 | V101: 0001 | W101: =IF(P101="","-",CONCATENATE(P101,"-",Q101,"-",R101,"-",S101,"-",T101,"-",U101,"-",V101)) -> RR4.P3.4-TED-CSGT-ZZ-M3-E3-0001 | X101: Nhóm BIM | Y101: 160 | Z101: 300 | AA101: 300 | AB101: Nhóm thực hiện BIM | AC101: 30 | AD101: 300 | AE101: 300
D102: Hệ thống chờ chiếu sáng | E102: Mô hình 3D | F102: IFC | P102: RR4.P3.4 | Q102: TED | R102: CSGT | S102: ZZ | T102: M3 | U102: E3 | V102: 0002 | W102: =IF(P102="","-",CONCATENATE(P102,"-",Q102,"-",R102,"-",S102,"-",T102,"-",U102,"-",V102)) -> RR4.P3.4-TED-CSGT-ZZ-M3-E3-0002 | X102: Nhóm BIM | Y102: 160 | Z102: 300 | AA102: 300 | AB102: Nhóm thực hiện BIM | AC102: 30 | AD102: 300 | AE102: 300
C103: An toàn giao thông | D103: Vạch sơn tuyến và nút giao | E103: Mô hình 3D | F103: NWC | P103: RR4.P3.4 | Q103: TED | R103: ATGT | S103: ZZ | T103: M3 | U103: C3 | V103: 0001 | W103: =IF(P103="","-",CONCATENATE(P103,"-",Q103,"-",R103,"-",S103,"-",T103,"-",U103,"-",V103)) -> RR4.P3.4-TED-ATGT-ZZ-M3-C3-0001 | X103: Nhóm BIM | Y103: 160 | Z103: 300 | AA103: 300 | AB103: Nhóm thực hiện BIM | AC103: 30 | AD103: 300 | AE103: 300
D104: Biển báo trên tuyến và nút giao | E104: Mô hình 3D | F104: NWC | P104: RR4.P3.4 | Q104: TED | R104: ATGT | S104: ZZ | T104: M3 | U104: C3 | V104: 0001 | W104: =IF(P104="","-",CONCATENATE(P104,"-",Q104,"-",R104,"-",S104,"-",T104,"-",U104,"-",V104)) -> RR4.P3.4-TED-ATGT-ZZ-M3-C3-0001 | X104: Nhóm BIM | Y104: 160 | Z104: 300 | AA104: 300 | AB104: Nhóm thực hiện BIM | AC104: 30 | AD104: 300 | AE104: 300
B105: Nút Hà Nội - Hải Phòng | C105: Cầu trên cao tốc | D105: Kết cấu phần dưới | E105: Mô hình 3D | F105: IFC | P105: RR4.P3.4 | Q105: TED | R105: CVD1 | S105: KCD | T105: M3 | U105: S3 | V105: 0001 | W105: =IF(P105="","-",CONCATENATE(P105,"-",Q105,"-",R105,"-",S105,"-",T105,"-",U105,"-",V105)) -> RR4.P3.4-TED-CVD1-KCD -M3-S3-0001 | X105: Nhóm BIM | Y105: 120 | Z105: 300 | AA105: 300 | AB105: Nhóm thực hiện BIM | AC105: 30 | AD105: 300 | AE105: 300
...

Sheet MIDP 
B2: Kế hoạch chuyển giao thông tin tổng thể (MIDP)
B4: Số hiệu Dự án | C4: =+Naming!A4 -> NO-11
B5: Tiêu đề dự án | C5: =+Naming!B4 -> NHÀ Ở CHUNG CƯ CAO TẦNG TẠI Ô ĐẤT KÝ HIỆU NO-11
B6: Tác giả | C6: Trần Hữu Hải
B7: Ngày khởi tạo | C7: 14/08/2025
B8: Ngày cập nhật lần cuối | C8: 14/08/2025
B9: Tài liệu tham khảo
G10: Tham khảo tài liệu quy ước đặt tên tệp để biết thông tin | O10: Giai đoạn chuyển giao thông tin #1 | S10: Giai đoạn chuyển giao thông tin #2
G11: Tên tệp tin | O11: Giai đoạn 1 | P11: Trình thẩm định | S11: Giai đoạn 2 | T11: Trình phê duyệt
B13: BỘ MÔN | C13: MÔ TẢ | D13: Thành phần Mô hình | E13: LOẠI DỮ LIỆU (tự động) | F13: ĐỊNH DẠNG TỆP TIN | G13: DỰ ÁN | H13: BÊN KHỞI TẠO | I13: KHỐI TÍCH/ HỆ THỐNG | J13: CAO TRÌNH/VỊ TRÍ | K13: LOẠI/ KIỂU | L13: VAI TRÒ/ BỘ MÔN | M13: SỐ THỨ TỰ | N13: TÊN TỆP TIN (tự động) | O13: Bên chủ trì | P13: Ngày chuyển giao (từ thời điểm ký hợp đông) | Q13: LOD | R13: LOI | S13: Bên chủ trì | T13: Ngày chuyển giao (từ thời điểm có thông báo KQTD) | U13: LOD | V13: LOI
B15: 1. Dữ liệu thiết kế | N15: =IF(G15="","-",CONCATENATE(G15,"-",H15,"-",I15,"-",J15,"-",K15,"-",L15,"-",M15)) -> -
B16: Hồ sơ và dữ liệu thiết kế | C16: Khảo sát địa hình | E16: Báo cáo | F16: PDF | G16: XVNT | H16: LDTV | I16: ZZ | J16: XX | K16: RP | L16: G | M16: 0001 | N16: =IF(G16="","-",CONCATENATE(G16,"-",H16,"-",I16,"-",J16,"-",K16,"-",L16,"-",M16)) -> XVNT-LDTV-ZZ-XX-RP-G-0001 | O16: Nhóm khảo sát | P16: 1
C17: Khảo sát địa chất | E17: Báo cáo | F17: PDF | G17: XVNT | H17: LDTV | I17: ZZ | J17: XX | K17: RP | L17: G | M17: 0001 | N17: =IF(G17="","-",CONCATENATE(G17,"-",H17,"-",I17,"-",J17,"-",K17,"-",L17,"-",M17)) -> XVNT-LDTV-ZZ-XX-RP-G-0001 | O17: Nhóm khảo sát | P17: 1
C18: Thuyết minh thiết kế | E18: Báo cáo | F18: PDF | G18: XVNT | H18: LDTV | I18: ZZ | J18: XX | K18: RP | L18: Z | M18: 0001 | N18: =IF(G18="","-",CONCATENATE(G18,"-",H18,"-",I18,"-",J18,"-",K18,"-",L18,"-",M18)) -> XVNT-LDTV-ZZ-XX-RP-Z-0001 | O18: Nhóm thiết kế | P18: 1
C19: Bảng tính kết cấu | E19: Tính toán | F19: PDF | G19: XVNT | H19: LDTV | I19: ZZ | J19: XX | K19: RP | L19: S | M19: 0001 | N19: =IF(G19="","-",CONCATENATE(G19,"-",H19,"-",I19,"-",J19,"-",K19,"-",L19,"-",M19)) -> XVNT-LDTV-ZZ-XX-RP-S-0001 | O19: Nhóm thiết kế | P19: 1
C20: Bản vẽ thiết kế thi công | E20: Bản vẽ 2D | F20: PDF | G20: XVNT | H20: LDTV | I20: ZZ | J20: XX | K20: M2 | L20: Z | M20: 0001 | N20: =IF(G20="","-",CONCATENATE(G20,"-",H20,"-",I20,"-",J20,"-",K20,"-",L20,"-",M20)) -> XVNT-LDTV-ZZ-XX-M2-Z-0001 | O20: Nhóm thiết kế | P20: 1
C21: Chỉ dẫn kỹ thuật của dự án | E21: Báo cáo | F21: PDF | G21: XVNT | H21: LDTV | I21: ZZ | J21: XX | K21: RP | L21: Z | M21: 0001 | N21: =IF(G21="","-",CONCATENATE(G21,"-",H21,"-",I21,"-",J21,"-",K21,"-",L21,"-",M21)) -> XVNT-LDTV-ZZ-XX-RP-Z-0001 | O21: Nhóm thiết kế | P21: 1
B22: 2. Kế hoạch và thủ tục
B23: Kế hoạch triển khai BIM - BEP | C23: Kế hoạch triển khai BIM chi tiết | E23: Tài liệu | F23: PDF | G23: XVNT | H23: IICM | I23: ZZ | J23: XX | K23: MP | L23: W | M23: 0001 | N23: =IF(G23="","-",CONCATENATE(G23,"-",H23,"-",I23,"-",J23,"-",K23,"-",L23,"-",M23)) -> XVNT-IICM-ZZ-XX-MP-W-0001 | O23: Nhóm BIM | P23: 2
C24: Các QT và phụ lục | E24: Tài liệu | F24: PDF | G24: XVNT | H24: IICM | I24: ZZ | J24: XX | K24: MP | L24: W | M24: 0001 | N24: =IF(G24="","-",CONCATENATE(G24,"-",H24,"-",I24,"-",J24,"-",K24,"-",L24,"-",M24)) -> XVNT-IICM-ZZ-XX-MP-W-0001 | O24: Nhóm BIM | P24: 2
B25: CDE, Tiêu chuẩn và thủ tục | C25: Quy định về CDE | E25: Tài liệu | F25: PDF | G25: XVNT | H25: IICM | I25: ZZ | J25: XX | K25: MP | L25: W | M25: 0001 | N25: =IF(G25="","-",CONCATENATE(G25,"-",H25,"-",I25,"-",J25,"-",K25,"-",L25,"-",M25)) -> XVNT-IICM-ZZ-XX-MP-W-0001 | O25: Nhóm BIM | P25: 5
C26: Hướng dẫn sử dụng CDE | E26: Tài liệu | F26: PDF | G26: XVNT | H26: IICM | I26: ZZ | J26: XX | K26: MP | L26: W | M26: 0001 | N26: =IF(G26="","-",CONCATENATE(G26,"-",H26,"-",I26,"-",J26,"-",K26,"-",L26,"-",M26)) -> XVNT-IICM-ZZ-XX-MP-W-0001 | O26: Nhóm BIM | P26: 5
C27: Tiêu chuẩn và thủ tục mô hình | E27: Tài liệu | F27: PDF | G27: XVNT | H27: IICM | I27: ZZ | J27: XX | K27: MP | L27: W | M27: 0005 | N27: =IF(G27="","-",CONCATENATE(G27,"-",H27,"-",I27,"-",J27,"-",K27,"-",L27,"-",M27)) -> XVNT-IICM-ZZ-XX-MP-W-0005 | O27: Nhóm BIM | P27: 30
B28: 3. Mô hình
B29: Mô hình hiện trạng | C29: Địa hình | D29: Bề mặt hiện trạng | E29: Mô hình 3D | F29: NWD | G29: XVNT | H29: IICM | I29: ZZ | J29: XX | K29: M3 | L29: G1 | M29: 0001 | N29: =IF(G29="","-",CONCATENATE(G29,"-",H29,"-",I29,"-",J29,"-",K29,"-",L29,"-",M29)) -> XVNT-IICM-ZZ-XX-M3-G1-0001 | O29: Nhóm BIM | P29: 40 | Q29: 200 | R29: 200 | S29: Nhóm BIM | T29: 30 | U29: 200 | V29: 200
C30: Hạ tầng kỹ thuật | D30: Cống, ga các loại | E30: Mô hình 3D | F30: NWD | G30: XVNT | H30: IICM | I30: ZZ | J30: XX | K30: M3 | L30: G1 | M30: 0001 | N30: =IF(G30="","-",CONCATENATE(G30,"-",H30,"-",I30,"-",J30,"-",K30,"-",L30,"-",M30)) -> XVNT-IICM-ZZ-XX-M3-G1-0001 | O30: Nhóm BIM | Q30: 200 | R30: 200 | S30: Nhóm BIM | T30: 30 | U30: 200 | V30: 200
C31: Địa vật | D31: Trụ đèn, nhà cửa,… | E31: Mô hình 3D | F31: NWD | G31: XVNT | H31: IICM | I31: ZZ | J31: XX | K31: M3 | L31: G1 | M31: 0001 | N31: =IF(G31="","-",CONCATENATE(G31,"-",H31,"-",I31,"-",J31,"-",K31,"-",L31,"-",M31)) -> XVNT-IICM-ZZ-XX-M3-G1-0001 | O31: Nhóm BIM | Q31: 200 | R31: 200 | S31: Nhóm BIM | T31: 30 | U31: 200 | V31: 200
B32: Mô hình tổng thể | C32: Mô hình phối hợp | D32: Mô hình tổng hợp các bộ môn | E32: Mô hình 3D | F32: NWD | G32: XVNT | H32: IICM | I32: ZZ | J32: XX | K32: CM | L32: Z | M32: 0001 | N32: =IF(G32="","-",CONCATENATE(G32,"-",H32,"-",I32,"-",J32,"-",K32,"-",L32,"-",M32)) -> XVNT-IICM-ZZ-XX-CM-Z-0001 | O32: Nhóm BIM | P32: 40 | Q32: 300 | S32: Nhóm BIM | T32: 30 | U32: 300
B33: Phần tuyến | C33: Mô hình tuyến chính, vỉa hè… | D33: Mô hình tuyến | E33: Mô hình 3D | F33: IFC | G33: XVNT | H33: IICM | I33: DTC | J33: XX | K33: M3 | L33: C | M33: 0001 | N33: =IF(G33="","-",CONCATENATE(G33,"-",H33,"-",I33,"-",J33,"-",K33,"-",L33,"-",M33)) -> XVNT-IICM-DTC-XX-M3-C-0001 | O33: Nhóm BIM | P33: 40 | Q33: 350 | R33: 350 | S33: Nhóm BIM | T33: 30 | U33: 400 | V33: 350
D34: Mô hình vỉa hè | E34: Mô hình 3D | F34: IFC | G34: XVNT | H34: IICM | I34: DTC | J34: XX | K34: M3 | L34: C | M34: 0001 | N34: =IF(G34="","-",CONCATENATE(G34,"-",H34,"-",I34,"-",J34,"-",K34,"-",L34,"-",M34)) -> XVNT-IICM-DTC-XX-M3-C-0001 | O34: Nhóm BIM | P34: 40 | Q34: 350 | R34: 350 | S34: Nhóm BIM | T34: 30 | U34: 350 | V34: 350
D35: Mô hình nền | E35: Mô hình 3D | F35: IFC | G35: XVNT | H35: IICM | I35: DTC | J35: XX | K35: M3 | L35: C | M35: 0001 | N35: =IF(G35="","-",CONCATENATE(G35,"-",H35,"-",I35,"-",J35,"-",K35,"-",L35,"-",M35)) -> XVNT-IICM-DTC-XX-M3-C-0001 | O35: Nhóm BIM | P35: 40 | Q35: 350 | R35: 350 | S35: Nhóm BIM | T35: 30 | U35: 400 | V35: 350
D36: Mô hình XLĐY | E36: Mô hình 3D | F36: IFC | G36: XVNT | H36: IICM | I36: DTC | J36: XX | K36: M3 | L36: C | M36: 0001 | N36: =IF(G36="","-",CONCATENATE(G36,"-",H36,"-",I36,"-",J36,"-",K36,"-",L36,"-",M36)) -> XVNT-IICM-DTC-XX-M3-C-0001 | O36: Nhóm BIM | P36: 40 | Q36: 350 | R36: 350 | S36: Nhóm BIM | T36: 30 | U36: 350 | V36: 350
B37: Nút giao | C37: Nút giao đầu tuyến | D37: Mô hình nút giao | E37: Mô hình 3D | F37: IFC | G37: XVNT | H37: IICM | I37: NG1 | J37: XX | K37: M3 | L37: C | M37: 0001 | N37: =IF(G37="","-",CONCATENATE(G37,"-",H37,"-",I37,"-",J37,"-",K37,"-",L37,"-",M37)) -> XVNT-IICM-NG1-XX-M3-C-0001 | O37: Nhóm BIM | P37: 40 | Q37: 400 | R37: 350 | S37: Nhóm BIM | T37: 30 | U37: 400 | V37: 350
C38: Nút giao cuối tuyến | D38: Mô hình nút giao | E38: Mô hình 3D | F38: IFC | G38: XVNT | H38: IICM | I38: NG2 | J38: XX | K38: M3 | L38: C | M38: 0001 | N38: =IF(G38="","-",CONCATENATE(G38,"-",H38,"-",I38,"-",J38,"-",K38,"-",L38,"-",M38)) -> XVNT-IICM-NG2-XX-M3-C-0001 | O38: Nhóm BIM | P38: 40 | Q38: 400 | R38: 350 | S38: Nhóm BIM | T38: 30 | U38: 400 | V38: 350
C39: Nút giao đường vành đai phía Đông | D39: Mô hình nút giao | E39: Mô hình 3D | F39: IFC | G39: XVNT | H39: IICM | I39: NG3 | J39: XX | K39: M3 | L39: C | M39: 0001 | N39: =IF(G39="","-",CONCATENATE(G39,"-",H39,"-",I39,"-",J39,"-",K39,"-",L39,"-",M39)) -> XVNT-IICM-NG3-XX-M3-C-0001 | O39: Nhóm BIM | P39: 40 | Q39: 400 | R39: 350 | S39: Nhóm BIM | T39: 30 | U39: 400 | V39: 350
D40: Mô hình các nhánh | E40: Mô hình 3D | F40: IFC | G40: XVNT | H40: IICM | I40: NG3 | J40: XX | K40: M3 | L40: C | M40: 0001 | N40: =IF(G40="","-",CONCATENATE(G40,"-",H40,"-",I40,"-",J40,"-",K40,"-",L40,"-",M40)) -> XVNT-IICM-NG3-XX-M3-C-0001 | O40: Nhóm BIM | P40: 40 | Q40: 400 | R40: 350 | S40: Nhóm BIM | T40: 30 | U40: 400 | V40: 350
B41: Đường nhánh | C41: Đường nhánh và đường giao | D41: Mô hình các đường giao và đường nhánh | E41: Mô hình 3D | F41: IFC | G41: XVNT | H41: IICM | I41: ZZ | J41: XX | K41: M3 | L41: C | M41: 0001 | N41: =IF(G41="","-",CONCATENATE(G41,"-",H41,"-",I41,"-",J41,"-",K41,"-",L41,"-",M41)) -> XVNT-IICM-ZZ-XX-M3-C-0001 | O41: Nhóm BIM | P41: 40 | Q41: 300 | R41: 300 | S41: Nhóm BIM | T41: 30 | U41: 300 | V41: 300
B42: Hệ thống hạ tầng kỹ thuật | C42: Hệ thống thoát nước | D42: Mô hình cống ngang nhỏ | E42: Mô hình 3D | F42: IFC | G42: XVNT | H42: IICM | I42: CNN | J42: XX | K42: M3 | L42: D | M42: 0001 | N42: =IF(G42="","-",CONCATENATE(G42,"-",H42,"-",I42,"-",J42,"-",K42,"-",L42,"-",M42)) -> XVNT-IICM-CNN-XX-M3-D-0001 | O42: Nhóm BIM | P42: 40 | Q42: 300 | R42: 300 | S42: Nhóm BIM | T42: 30 | U42: 300 | V42: 300
D43: Mô hình cống hộp lớn | E43: Mô hình 3D | F43: IFC | G43: XVNT | H43: IICM | I43: CHL | J43: XX | K43: M3 | L43: D | M43: 0001 | N43: =IF(G43="","-",CONCATENATE(G43,"-",H43,"-",I43,"-",J43,"-",K43,"-",L43,"-",M43)) -> XVNT-IICM-CHL-XX-M3-D-0001 | O43: Nhóm BIM | P43: 40 | Q43: 300 | R43: 300 | S43: Nhóm BIM | T43: 30 | U43: 350 | V43: 350
D44: Mô hình hệ thống thoát nước dọc | E44: Mô hình 3D | F44: IFC | G44: XVNT | H44: IICM | I44: TNM | J44: XX | K44: M3 | L44: D | M44: 0001 | N44: =IF(G44="","-",CONCATENATE(G44,"-",H44,"-",I44,"-",J44,"-",K44,"-",L44,"-",M44)) -> XVNT-IICM-TNM-XX-M3-D-0001 | O44: Nhóm BIM | P44: 40 | Q44: 300 | R44: 300 | S44: Nhóm BIM | T44: 30 | U44: 300 | V44: 300
C45: Cải kênh | D45: Mô hình hệ thống cải kênh | E45: Mô hình 3D | F45: IFC | G45: XVNT | H45: IICM | I45: TNM | J45: XX | K45: M3 | L45: D | M45: 0001 | N45: =IF(G45="","-",CONCATENATE(G45,"-",H45,"-",I45,"-",J45,"-",K45,"-",L45,"-",M45)) -> XVNT-IICM-TNM-XX-M3-D-0001 | O45: Nhóm BIM | P45: 40 | Q45: 300 | R45: 300 | S45: Nhóm BIM | T45: 30 | U45: 300 | V45: 300
C46: Điện và chiếu sáng | D46: Mô hình Hệ thống chiếu sáng trên cầu và nút giao | E46: Mô hình 3D | F46: IFC | G46: XVNT | H46: IICM | I46: DCS | J46: XX | K46: M3 | L46: E | M46: 0001 | N46: =IF(G46="","-",CONCATENATE(G46,"-",H46,"-",I46,"-",J46,"-",K46,"-",L46,"-",M46)) -> XVNT-IICM-DCS-XX-M3-E-0001 | O46: Nhóm BIM | P46: 40 | Q46: 300 | R46: 300 | S46: Nhóm BIM | T46: 30 | U46: 300 | V46: 300
D47: Mô hình Hệ thống chờ chiếu sáng | E47: Mô hình 3D | F47: IFC | G47: XVNT | H47: IICM | I47: DCS | J47: XX | K47: M3 | L47: E | M47: 0001 | N47: =IF(G47="","-",CONCATENATE(G47,"-",H47,"-",I47,"-",J47,"-",K47,"-",L47,"-",M47)) -> XVNT-IICM-DCS-XX-M3-E-0001 | O47: Nhóm BIM | P47: 40 | Q47: 300 | R47: 300 | S47: Nhóm BIM | T47: 30 | U47: 300 | V47: 300
C48: Cây xanh và cảnh quan | D48: Mô hình cây xanh và cảnh quan | E48: Mô hình 3D | F48: NWC | G48: XVNT | H48: IICM | I48: CXCQ | J48: XX | K48: M3 | L48: L | M48: 0001 | N48: =IF(G48="","-",CONCATENATE(G48,"-",H48,"-",I48,"-",J48,"-",K48,"-",L48,"-",M48)) -> XVNT-IICM-CXCQ-XX-M3-L-0001 | O48: Nhóm BIM | P48: 40 | Q48: 300 | S48: Nhóm BIM | T48: 30 | U48: 300
C49: An toàn giao thông | D49: Mô hình Vạch sơn tuyến và nút giao | E49: Mô hình 3D | F49: NWC | G49: XVNT | H49: IICM | I49: ATGT | J49: XX | K49: M3 | L49: C | M49: 0001 | N49: =IF(G49="","-",CONCATENATE(G49,"-",H49,"-",I49,"-",J49,"-",K49,"-",L49,"-",M49)) -> XVNT-IICM-ATGT-XX-M3-C-0001 | O49: Nhóm BIM | P49: 40 | Q49: 300 | R49: 300 | S49: Nhóm BIM | T49: 30 | U49: 300 | V49: 300
D50: Mô hình Biển báo trên tuyến và nút giao | E50: Mô hình 3D | F50: NWC | G50: XVNT | H50: IICM | I50: ATGT | J50: XX | K50: M3 | L50: C | M50: 0001 | N50: =IF(G50="","-",CONCATENATE(G50,"-",H50,"-",I50,"-",J50,"-",K50,"-",L50,"-",M50)) -> XVNT-IICM-ATGT-XX-M3-C-0001 | O50: Nhóm BIM | P50: 40 | Q50: 300 | R50: 300 | S50: Nhóm BIM | T50: 30 | U50: 300 | V50: 300
C51: Cống kỹ thuật | D51: Mô hình các cống kỹ thuật | E51: Mô hình 3D | F51: IFC | G51: XVNT | H51: IICM | I51: CKT | J51: XX | K51: M3 | L51: S | M51: 0001 | N51: =IF(G51="","-",CONCATENATE(G51,"-",H51,"-",I51,"-",J51,"-",K51,"-",L51,"-",M51)) -> XVNT-IICM-CKT-XX-M3-S-0001 | O51: Nhóm BIM | P51: 40 | Q51: 300 | R51: 300 | S51: Nhóm BIM | T51: 30 | U51: 300 | V51: 300
B52: Cầu sông Rào Cái | C52: Cầu sông Rào Cái và cầu vượt | D52: Kết cấu phần dưới | E52: Mô hình 3D | F52: IFC | G52: XVNT | H52: IICM | I52: CRC | J52: KCD | K52: M3 | L52: S | M52: 0001 | N52: =IF(G52="","-",CONCATENATE(G52,"-",H52,"-",I52,"-",J52,"-",K52,"-",L52,"-",M52)) -> XVNT-IICM-CRC-KCD -M3-S-0001 | O52: Nhóm BIM | P52: 40 | Q52: 350 | R52: 350 | S52: Nhóm BIM | T52: 30 | U52: 350 | V52: 350
D53: Kết cấu phần trên | E53: Mô hình 3D | F53: IFC | G53: XVNT | H53: IICM | I53: CRC | J53: KCT | K53: M3 | L53: S | M53: 0001 | N53: =IF(G53="","-",CONCATENATE(G53,"-",H53,"-",I53,"-",J53,"-",K53,"-",L53,"-",M53)) -> XVNT-IICM-CRC-KCT -M3-S-0001 | O53: Nhóm BIM | P53: 40 | Q53: 350 | R53: 350 | S53: Nhóm BIM | T53: 30 | U53: 350 | V53: 350
D54: Gối, khe co giãn, lan can | E54: Mô hình 3D | F54: IFC | G54: XVNT | H54: IICM | I54: CRC | J54: MIS | K54: M3 | L54: S | M54: 0001 | N54: =IF(G54="","-",CONCATENATE(G54,"-",H54,"-",I54,"-",J54,"-",K54,"-",L54,"-",M54)) -> XVNT-IICM-CRC-MIS-M3-S-0001 | O54: Nhóm BIM | P54: 40 | Q54: 300 | R54: 300 | S54: Nhóm BIM | T54: 30 | U54: 300 | V54: 300
D55: Hệ thống thoát nước | E55: Mô hình 3D | F55: IFC | G55: XVNT | H55: IICM | I55: CRC | J55: MIS | K55: M3 | L55: S | M55: 0001 | N55: =IF(G55="","-",CONCATENATE(G55,"-",H55,"-",I55,"-",J55,"-",K55,"-",L55,"-",M55)) -> XVNT-IICM-CRC-MIS-M3-S-0001 | O55: Nhóm BIM | P55: 40 | Q55: 300 | R55: 300 | S55: Nhóm BIM | T55: 30 | U55: 300 | V55: 300
B56: 2.2 Cầu Mễ Sở | O56: Nhóm BIM
B57: Mô hình hiện trạng | C57: Địa hình | D57: Bề mặt hiện trạng | E57: Mô hình 3D | F57: NWD | G57: XVNT | H57: TED | I57: ZZ | J57: ZZ | K57: M3 | L57: G2 | M57: 0001 | N57: =IF(G57="","-",CONCATENATE(G57,"-",H57,"-",I57,"-",J57,"-",K57,"-",L57,"-",M57)) -> XVNT-TED-ZZ-ZZ-M3-G2-0001 | O57: Nhóm BIM | P57: 90 | Q57: 200 | R57: 200 | S57: Nhóm thực hiện BIM | T57: 30 | U57: 200 | V57: 200
C58: Hạ tầng kỹ thuật | D58: Cống, ga các loại | E58: Mô hình 3D | F58: NWD | G58: XVNT | H58: TED | I58: ZZ | J58: ZZ | K58: M3 | L58: G2 | M58: 0001 | N58: =IF(G58="","-",CONCATENATE(G58,"-",H58,"-",I58,"-",J58,"-",K58,"-",L58,"-",M58)) -> XVNT-TED-ZZ-ZZ-M3-G2-0001 | O58: Nhóm BIM | P58: 90 | Q58: 200 | R58: 200 | S58: Nhóm thực hiện BIM | T58: 30 | U58: 200 | V58: 200
C59: Địa vật | D59: Trụ đèn, nhà cửa,… | E59: Mô hình 3D | F59: NWD | G59: XVNT | H59: TED | I59: ZZ | J59: ZZ | K59: M3 | L59: G2 | M59: 0001 | N59: =IF(G59="","-",CONCATENATE(G59,"-",H59,"-",I59,"-",J59,"-",K59,"-",L59,"-",M59)) -> XVNT-TED-ZZ-ZZ-M3-G2-0001 | O59: Nhóm BIM | P59: 90 | Q59: 200 | R59: 200 | S59: Nhóm thực hiện BIM | T59: 30 | U59: 200 | V59: 200
B60: Mô hình tổng thể | C60: Mô hình phối hợp | D60: Mô hình tổng hợp các bộ môn | E60: Mô hình 3D | F60: NWD | G60: XVNT | H60: TED | I60: ZZ | J60: ZZ | K60: CM | L60: Z2 | M60: 0001 | N60: =IF(G60="","-",CONCATENATE(G60,"-",H60,"-",I60,"-",J60,"-",K60,"-",L60,"-",M60)) -> XVNT-TED-ZZ-ZZ-CM-Z2-0001 | O60: Nhóm BIM | P60: 180 | Q60: 300 | R60: 300 | S60: Nhóm thực hiện BIM | T60: 30 | U60: 300 | V60: 300
B61: Hệ thống hạ tầng kỹ thuật | C61: Hệ thống thoát nước | D61: Mô hình cống ngang | O61: Nhóm BIM
D62: Mô hình hệ thống thoát nước dọc | O62: Nhóm BIM
C63: Điện và chiếu sáng | D63: Hệ thống chiếu sáng trên cầu | E63: Mô hình 3D | F63: IFC | G63: RR4.P3.4 | H63: TED | I63: CSGT | J63: ZZ | K63: M3 | L63: E3 | M63: 0001 | N63: =IF(G63="","-",CONCATENATE(G63,"-",H63,"-",I63,"-",J63,"-",K63,"-",L63,"-",M63)) -> RR4.P3.4-TED-CSGT-ZZ-M3-E3-0001 | O63: Nhóm BIM | P63: 160 | Q63: 300 | R63: 300 | S63: Nhóm thực hiện BIM | T63: 30 | U63: 300 | V63: 300
D64: Hệ thống chờ chiếu sáng | E64: Mô hình 3D | F64: IFC | G64: RR4.P3.4 | H64: TED | I64: CSGT | J64: ZZ | K64: M3 | L64: E3 | M64: 0002 | N64: =IF(G64="","-",CONCATENATE(G64,"-",H64,"-",I64,"-",J64,"-",K64,"-",L64,"-",M64)) -> RR4.P3.4-TED-CSGT-ZZ-M3-E3-0002 | O64: Nhóm BIM | P64: 160 | Q64: 300 | R64: 300 | S64: Nhóm thực hiện BIM | T64: 30 | U64: 300 | V64: 300
C65: An toàn giao thông | D65: Vạch sơn tuyến và nút giao | E65: Mô hình 3D | F65: NWC | G65: RR4.P3.4 | H65: TED | I65: ATGT | J65: ZZ | K65: M3 | L65: C3 | M65: 0001 | N65: =IF(G65="","-",CONCATENATE(G65,"-",H65,"-",I65,"-",J65,"-",K65,"-",L65,"-",M65)) -> RR4.P3.4-TED-ATGT-ZZ-M3-C3-0001 | O65: Nhóm BIM | P65: 160 | Q65: 300 | R65: 300 | S65: Nhóm thực hiện BIM | T65: 30 | U65: 300 | V65: 300
D66: Biển báo trên tuyến và nút giao | E66: Mô hình 3D | F66: NWC | G66: RR4.P3.4 | H66: TED | I66: ATGT | J66: ZZ | K66: M3 | L66: C3 | M66: 0001 | N66: =IF(G66="","-",CONCATENATE(G66,"-",H66,"-",I66,"-",J66,"-",K66,"-",L66,"-",M66)) -> RR4.P3.4-TED-ATGT-ZZ-M3-C3-0001 | O66: Nhóm BIM | P66: 160 | Q66: 300 | R66: 300 | S66: Nhóm thực hiện BIM | T66: 30 | U66: 300 | V66: 300
B67: Cầu Mễ Sở | C67: Cầu vượt đê Tả Hồng | D67: Kết cấu phần dưới | E67: Mô hình 3D | F67: IFC | G67: XVNT | H67: TED | I67: CVD1 | J67: KCD | K67: M3 | L67: S2 | M67: 0001 | N67: =IF(G67="","-",CONCATENATE(G67,"-",H67,"-",I67,"-",J67,"-",K67,"-",L67,"-",M67)) -> XVNT-TED-CVD1-KCD -M3-S2-0001 | O67: Nhóm BIM | P67: 120 | Q67: 300 | R67: 300 | S67: Nhóm thực hiện BIM | T67: 30 | U67: 300 | V67: 300
D68: Kết cấu phần trên | E68: Mô hình 3D | F68: IFC | G68: XVNT | H68: TED | I68: CVD1 | J68: KCT | K68: M3 | L68: S2 | M68: 0001 | N68: =IF(G68="","-",CONCATENATE(G68,"-",H68,"-",I68,"-",J68,"-",K68,"-",L68,"-",M68)) -> XVNT-TED-CVD1-KCT -M3-S2-0001 | O68: Nhóm BIM | P68: 120 | Q68: 300 | R68: 300 | S68: Nhóm thực hiện BIM | T68: 30 | U68: 300 | V68: 300
D69: Gối, khe co giãn, lan can | E69: Mô hình 3D | F69: IFC | G69: XVNT | H69: TED | I69: CVD1 | J69: MIS | K69: M3 | L69: S2 | M69: 0001 | N69: =IF(G69="","-",CONCATENATE(G69,"-",H69,"-",I69,"-",J69,"-",K69,"-",L69,"-",M69)) -> XVNT-TED-CVD1-MIS-M3-S2-0001 | O69: Nhóm BIM | P69: 120 | Q69: 300 | R69: 300 | S69: Nhóm thực hiện BIM | T69: 30 | U69: 300 | V69: 300
D70: Hệ thống thoát nước | E70: Mô hình 3D | F70: IFC | G70: XVNT | H70: TED | I70: CVD1 | J70: MIS | K70: M3 | L70: S2 | M70: 0001 | N70: =IF(G70="","-",CONCATENATE(G70,"-",H70,"-",I70,"-",J70,"-",K70,"-",L70,"-",M70)) -> XVNT-TED-CVD1-MIS-M3-S2-0001 | O70: Nhóm BIM | P70: 120 | Q70: 300 | R70: 300 | S70: Nhóm thực hiện BIM | T70: 30 | U70: 300 | V70: 300
C71: Cầu dẫn bãi sông Tả Hồng | D71: Kết cấu phần dưới | E71: Mô hình 3D | F71: IFC | G71: XVNT | H71: TED | I71: CBS1 | J71: KCD | K71: M3 | L71: S2 | M71: 0001 | N71: =IF(G71="","-",CONCATENATE(G71,"-",H71,"-",I71,"-",J71,"-",K71,"-",L71,"-",M71)) -> XVNT-TED-CBS1-KCD -M3-S2-0001 | O71: Nhóm BIM | P71: 120 | Q71: 300 | R71: 300 | S71: Nhóm thực hiện BIM | T71: 30 | U71: 300 | V71: 300
D72: Kết cấu phần trên | E72: Mô hình 3D | F72: IFC | G72: XVNT | H72: TED | I72: CBS1 | J72: KCT | K72: M3 | L72: S2 | M72: 0001 | N72: =IF(G72="","-",CONCATENATE(G72,"-",H72,"-",I72,"-",J72,"-",K72,"-",L72,"-",M72)) -> XVNT-TED-CBS1-KCT -M3-S2-0001 | O72: Nhóm BIM | P72: 120 | Q72: 300 | R72: 300 | S72: Nhóm thực hiện BIM | T72: 30 | U72: 300 | V72: 300
D73: Gối, khe co giãn, lan can | E73: Mô hình 3D | F73: IFC | G73: XVNT | H73: TED | I73: CBS1 | J73: MIS | K73: M3 | L73: S2 | M73: 0001 | N73: =IF(G73="","-",CONCATENATE(G73,"-",H73,"-",I73,"-",J73,"-",K73,"-",L73,"-",M73)) -> XVNT-TED-CBS1-MIS-M3-S2-0001 | O73: Nhóm BIM | P73: 120 | Q73: 300 | R73: 300 | S73: Nhóm thực hiện BIM | T73: 30 | U73: 300 | V73: 300
D74: Hệ thống thoát nước | E74: Mô hình 3D | F74: IFC | G74: XVNT | H74: TED | I74: CBS1 | J74: MIS | K74: M3 | L74: S2 | M74: 0001 | N74: =IF(G74="","-",CONCATENATE(G74,"-",H74,"-",I74,"-",J74,"-",K74,"-",L74,"-",M74)) -> XVNT-TED-CBS1-MIS-M3-S2-0001 | O74: Nhóm BIM | P74: 120 | Q74: 300 | R74: 300 | S74: Nhóm thực hiện BIM | T74: 30 | U74: 300 | V74: 300
C75: Cầu chính vượt sông Hồng | D75: Kết cấu phần dưới liên 1 | E75: Mô hình 3D | F75: IFC | G75: XVNT | H75: TED | I75: CCVS | J75: KCD | K75: M3 | L75: S2 | M75: 0001 | N75: =IF(G75="","-",CONCATENATE(G75,"-",H75,"-",I75,"-",J75,"-",K75,"-",L75,"-",M75)) -> XVNT-TED-CCVS-KCD -M3-S2-0001 | O75: Nhóm BIM | P75: 150 | Q75: 300 | R75: 300 | S75: Nhóm thực hiện BIM | T75: 30 | U75: 300 | V75: 300
D76: Kết cấu phần dưới liên 2 | E76: Mô hình 3D | F76: IFC | G76: XVNT | H76: TED | I76: CCVS | J76: KCD | K76: M3 | L76: S2 | M76: 0002 | N76: =IF(G76="","-",CONCATENATE(G76,"-",H76,"-",I76,"-",J76,"-",K76,"-",L76,"-",M76)) -> XVNT-TED-CCVS-KCD -M3-S2-0002 | O76: Nhóm BIM | P76: 150 | Q76: 300 | R76: 300 | S76: Nhóm thực hiện BIM | T76: 30 | U76: 300 | V76: 300
D77: Kết cấu phần dưới liên 3 | E77: Mô hình 3D | F77: IFC | G77: XVNT | H77: TED | I77: CCVS | J77: KCD | K77: M3 | L77: S2 | M77: 0003 | N77: =IF(G77="","-",CONCATENATE(G77,"-",H77,"-",I77,"-",J77,"-",K77,"-",L77,"-",M77)) -> XVNT-TED-CCVS-KCD -M3-S2-0003 | O77: Nhóm BIM | P77: 150 | Q77: 300 | R77: 300 | S77: Nhóm thực hiện BIM | T77: 30 | U77: 300 | V77: 300
D78: Kết cấu phần trên liên 1 | E78: Mô hình 3D | F78: IFC | G78: XVNT | H78: TED | I78: CCVS | J78: KCT | K78: M3 | L78: S2 | M78: 0001 | N78: =IF(G78="","-",CONCATENATE(G78,"-",H78,"-",I78,"-",J78,"-",K78,"-",L78,"-",M78)) -> XVNT-TED-CCVS-KCT -M3-S2-0001 | O78: Nhóm BIM | P78: 150 | Q78: 300 | R78: 300 | S78: Nhóm thực hiện BIM | T78: 30 | U78: 300 | V78: 300
D79: Kết cấu phần trên liên 2 | E79: Mô hình 3D | F79: IFC | G79: XVNT | H79: TED | I79: CCVS | J79: KCT | K79: M3 | L79: S2 | M79: 0002 | N79: =IF(G79="","-",CONCATENATE(G79,"-",H79,"-",I79,"-",J79,"-",K79,"-",L79,"-",M79)) -> XVNT-TED-CCVS-KCT -M3-S2-0002 | O79: Nhóm BIM | P79: 150 | Q79: 300 | R79: 300 | S79: Nhóm thực hiện BIM | T79: 30 | U79: 300 | V79: 300
D80: Kết cấu phần trên liên 3 | E80: Mô hình 3D | F80: IFC | G80: XVNT | H80: TED | I80: CCVS | J80: KCT | K80: M3 | L80: S2 | M80: 0003 | N80: =IF(G80="","-",CONCATENATE(G80,"-",H80,"-",I80,"-",J80,"-",K80,"-",L80,"-",M80)) -> XVNT-TED-CCVS-KCT -M3-S2-0003 | O80: Nhóm BIM | P80: 150 | Q80: 300 | R80: 300 | S80: Nhóm thực hiện BIM | T80: 30 | U80: 300 | V80: 300
D81: Gối, khe co giãn, lan can | E81: Mô hình 3D | F81: IFC | G81: XVNT | H81: TED | I81: CCVS | J81: MIS | K81: M3 | L81: S2 | M81: 0001 | N81: =IF(G81="","-",CONCATENATE(G81,"-",H81,"-",I81,"-",J81,"-",K81,"-",L81,"-",M81)) -> XVNT-TED-CCVS-MIS-M3-S2-0001 | O81: Nhóm BIM | P81: 150 | Q81: 300 | R81: 300 | S81: Nhóm thực hiện BIM | T81: 30 | U81: 300 | V81: 300
D82: Hệ thống thoát nước | E82: Mô hình 3D | F82: IFC | G82: XVNT | H82: TED | I82: CCVS | J82: MIS | K82: M3 | L82: S2 | M82: 0001 | N82: =IF(G82="","-",CONCATENATE(G82,"-",H82,"-",I82,"-",J82,"-",K82,"-",L82,"-",M82)) -> XVNT-TED-CCVS-MIS-M3-S2-0001 | O82: Nhóm BIM | P82: 120 | Q82: 300 | R82: 300 | S82: Nhóm thực hiện BIM | T82: 30 | U82: 300 | V82: 300
C83: Cầu dẫn bãi sông Hữu Hồng | D83: Kết cấu phần dưới | E83: Mô hình 3D | F83: IFC | G83: XVNT | H83: TED | I83: CBS2 | J83: KCD | K83: M3 | L83: S2 | M83: 0001 | N83: =IF(G83="","-",CONCATENATE(G83,"-",H83,"-",I83,"-",J83,"-",K83,"-",L83,"-",M83)) -> XVNT-TED-CBS2-KCD -M3-S2-0001 | O83: Nhóm BIM | P83: 120 | Q83: 300 | R83: 300 | S83: Nhóm thực hiện BIM | T83: 30 | U83: 300 | V83: 300
D84: Kết cấu phần trên | E84: Mô hình 3D | F84: IFC | G84: XVNT | H84: TED | I84: CBS2 | J84: KCT | K84: M3 | L84: S2 | M84: 0001 | N84: =IF(G84="","-",CONCATENATE(G84,"-",H84,"-",I84,"-",J84,"-",K84,"-",L84,"-",M84)) -> XVNT-TED-CBS2-KCT -M3-S2-0001 | O84: Nhóm BIM | P84: 120 | Q84: 350 | R84: 350 | S84: Nhóm thực hiện BIM | T84: 30 | U84: 350 | V84: 350
D85: Gối, khe co giãn, lan can | E85: Mô hình 3D | F85: IFC | G85: XVNT | H85: TED | I85: CBS2 | J85: MIS | K85: M3 | L85: S2 | M85: 0001 | N85: =IF(G85="","-",CONCATENATE(G85,"-",H85,"-",I85,"-",J85,"-",K85,"-",L85,"-",M85)) -> XVNT-TED-CBS2-MIS-M3-S2-0001 | O85: Nhóm BIM | P85: 120 | Q85: 350 | R85: 350 | S85: Nhóm thực hiện BIM | T85: 30 | U85: 350 | V85: 350
D86: Hệ thống thoát nước | E86: Mô hình 3D | F86: IFC | G86: XVNT | H86: TED | I86: CBS2 | J86: MIS | K86: M3 | L86: S2 | M86: 0001 | N86: =IF(G86="","-",CONCATENATE(G86,"-",H86,"-",I86,"-",J86,"-",K86,"-",L86,"-",M86)) -> XVNT-TED-CBS2-MIS-M3-S2-0001 | O86: Nhóm BIM | P86: 120 | Q86: 350 | R86: 350 | S86: Nhóm thực hiện BIM | T86: 30 | U86: 350 | V86: 350
C87: Cầu vượt đê Hữu Hồng | D87: Kết cấu phần dưới | E87: Mô hình 3D | F87: IFC | G87: XVNT | H87: TED | I87: CVD2 | J87: KCD | K87: M3 | L87: S2 | M87: 0001 | N87: =IF(G87="","-",CONCATENATE(G87,"-",H87,"-",I87,"-",J87,"-",K87,"-",L87,"-",M87)) -> XVNT-TED-CVD2-KCD -M3-S2-0001 | O87: Nhóm BIM | P87: 120 | Q87: 350 | R87: 350 | S87: Nhóm thực hiện BIM | T87: 30 | U87: 350 | V87: 350
D88: Kết cấu phần trên | E88: Mô hình 3D | F88: IFC | G88: XVNT | H88: TED | I88: CVD2 | J88: KCT | K88: M3 | L88: S2 | M88: 0001 | N88: =IF(G88="","-",CONCATENATE(G88,"-",H88,"-",I88,"-",J88,"-",K88,"-",L88,"-",M88)) -> XVNT-TED-CVD2-KCT -M3-S2-0001 | O88: Nhóm BIM | P88: 120 | Q88: 350 | R88: 350 | S88: Nhóm thực hiện BIM | T88: 30 | U88: 350 | V88: 350
D89: Gối, khe co giãn, lan can | E89: Mô hình 3D | F89: IFC | G89: XVNT | H89: TED | I89: CVD2 | J89: MIS | K89: M3 | L89: S2 | M89: 0001 | N89: =IF(G89="","-",CONCATENATE(G89,"-",H89,"-",I89,"-",J89,"-",K89,"-",L89,"-",M89)) -> XVNT-TED-CVD2-MIS-M3-S2-0001 | O89: Nhóm BIM | P89: 120 | Q89: 300 | R89: 300 | S89: Nhóm thực hiện BIM | T89: 30 | U89: 300 | V89: 300
D90: Hệ thống thoát nước | E90: Mô hình 3D | F90: IFC | G90: XVNT | H90: TED | I90: CVD2 | J90: MIS | K90: M3 | L90: S2 | M90: 0001 | N90: =IF(G90="","-",CONCATENATE(G90,"-",H90,"-",I90,"-",J90,"-",K90,"-",L90,"-",M90)) -> XVNT-TED-CVD2-MIS-M3-S2-0001 | O90: Nhóm BIM | P90: 120 | Q90: 300 | R90: 300 | S90: Nhóm thực hiện BIM | T90: 30 | U90: 300 | V90: 300
B91: 2.3 Nút giao Hà Nội - Hải phòng | O91: Nhóm BIM
B92: Mô hình hiện trạng | C92: Địa hình | D92: Bề mặt hiện trạng | E92: Mô hình 3D | F92: NWD | G92: RR4.P3.4 | H92: TED | I92: ZZ | J92: ZZ | K92: M3 | L92: G3 | M92: 0001 | N92: =IF(G92="","-",CONCATENATE(G92,"-",H92,"-",I92,"-",J92,"-",K92,"-",L92,"-",M92)) -> RR4.P3.4-TED-ZZ-ZZ-M3-G3-0001 | O92: Nhóm BIM | P92: 90 | Q92: 200 | R92: 200 | S92: Nhóm thực hiện BIM | T92: 30 | U92: 200 | V92: 200
C93: Hạ tầng kỹ thuật | D93: Cống, ga các loại | E93: Mô hình 3D | F93: NWD | G93: RR4.P3.4 | H93: TED | I93: ZZ | J93: ZZ | K93: M3 | L93: G3 | M93: 0001 | N93: =IF(G93="","-",CONCATENATE(G93,"-",H93,"-",I93,"-",J93,"-",K93,"-",L93,"-",M93)) -> RR4.P3.4-TED-ZZ-ZZ-M3-G3-0001 | O93: Nhóm BIM | P93: 90 | Q93: 200 | R93: 200 | S93: Nhóm thực hiện BIM | T93: 30 | U93: 200 | V93: 200
C94: Địa vật | D94: Trụ đèn, nhà cửa,… | E94: Mô hình 3D | F94: NWD | G94: RR4.P3.4 | H94: TED | I94: ZZ | J94: ZZ | K94: M3 | L94: G3 | M94: 0001 | N94: =IF(G94="","-",CONCATENATE(G94,"-",H94,"-",I94,"-",J94,"-",K94,"-",L94,"-",M94)) -> RR4.P3.4-TED-ZZ-ZZ-M3-G3-0001 | O94: Nhóm BIM | P94: 90 | Q94: 200 | R94: 200 | S94: Nhóm thực hiện BIM | T94: 30 | U94: 200 | V94: 200
B95: Mô hình tổng thể | C95: Mô hình phối hợp | D95: Mô hình tổng hợp các bộ môn | E95: Mô hình 3D | F95: NWD | G95: RR4.P3.4 | H95: TED | I95: ZZ | J95: ZZ | K95: CM | L95: Z3 | M95: 0001 | N95: =IF(G95="","-",CONCATENATE(G95,"-",H95,"-",I95,"-",J95,"-",K95,"-",L95,"-",M95)) -> RR4.P3.4-TED-ZZ-ZZ-CM-Z3-0001 | O95: Nhóm BIM | P95: 180 | Q95: 300 | R95: 300 | S95: Nhóm thực hiện BIM | T95: 30 | U95: 300 | V95: 300
B96: Hệ thống hạ tầng kỹ thuật | C96: Hệ thống thoát nước | D96: Mô hình cống ngang | O96: Nhóm BIM
D97: Mô hình hệ thống thoát nước dọc | O97: Nhóm BIM
C98: Điện và chiếu sáng | D98: Hệ thống chiếu sáng trên cầu | E98: Mô hình 3D | F98: IFC | G98: RR4.P3.4 | H98: TED | I98: CSGT | J98: ZZ | K98: M3 | L98: E3 | M98: 0001 | N98: =IF(G98="","-",CONCATENATE(G98,"-",H98,"-",I98,"-",J98,"-",K98,"-",L98,"-",M98)) -> RR4.P3.4-TED-CSGT-ZZ-M3-E3-0001 | O98: Nhóm BIM | P98: 160 | Q98: 300 | R98: 300 | S98: Nhóm thực hiện BIM | T98: 30 | U98: 300 | V98: 300
D99: Hệ thống chờ chiếu sáng | E99: Mô hình 3D | F99: IFC | G99: RR4.P3.4 | H99: TED | I99: CSGT | J99: ZZ | K99: M3 | L99: E3 | M99: 0002 | N99: =IF(G99="","-",CONCATENATE(G99,"-",H99,"-",I99,"-",J99,"-",K99,"-",L99,"-",M99)) -> RR4.P3.4-TED-CSGT-ZZ-M3-E3-0002 | O99: Nhóm BIM | P99: 160 | Q99: 300 | R99: 300 | S99: Nhóm thực hiện BIM | T99: 30 | U99: 300 | V99: 300
C100: An toàn giao thông | D100: Vạch sơn tuyến và nút giao | E100: Mô hình 3D | F100: NWC | G100: RR4.P3.4 | H100: TED | I100: ATGT | J100: ZZ | K100: M3 | L100: C3 | M100: 0001 | N100: =IF(G100="","-",CONCATENATE(G100,"-",H100,"-",I100,"-",J100,"-",K100,"-",L100,"-",M100)) -> RR4.P3.4-TED-ATGT-ZZ-M3-C3-0001 | O100: Nhóm BIM | P100: 160 | Q100: 300 | R100: 300 | S100: Nhóm thực hiện BIM | T100: 30 | U100: 300 | V100: 300
D101: Biển báo trên tuyến và nút giao | E101: Mô hình 3D | F101: NWC | G101: RR4.P3.4 | H101: TED | I101: ATGT | J101: ZZ | K101: M3 | L101: C3 | M101: 0001 | N101: =IF(G101="","-",CONCATENATE(G101,"-",H101,"-",I101,"-",J101,"-",K101,"-",L101,"-",M101)) -> RR4.P3.4-TED-ATGT-ZZ-M3-C3-0001 | O101: Nhóm BIM | P101: 160 | Q101: 300 | R101: 300 | S101: Nhóm thực hiện BIM | T101: 30 | U101: 300 | V101: 300
B102: Nút Hà Nội - Hải Phòng | C102: Cầu trên cao tốc | D102: Kết cấu phần dưới | E102: Mô hình 3D | F102: IFC | G102: RR4.P3.4 | H102: TED | I102: CVD1 | J102: KCD | K102: M3 | L102: S3 | M102: 0001 | N102: =IF(G102="","-",CONCATENATE(G102,"-",H102,"-",I102,"-",J102,"-",K102,"-",L102,"-",M102)) -> RR4.P3.4-TED-CVD1-KCD -M3-S3-0001 | O102: Nhóm BIM | P102: 120 | Q102: 300 | R102: 300 | S102: Nhóm thực hiện BIM | T102: 30 | U102: 300 | V102: 300
D103: Kết cấu phần trên | E103: Mô hình 3D | F103: IFC | G103: RR4.P3.4 | H103: TED | I103: CVD1 | J103: KCT | K103: M3 | L103: S3 | M103: 0001 | N103: =IF(G103="","-",CONCATENATE(G103,"-",H103,"-",I103,"-",J103,"-",K103,"-",L103,"-",M103)) -> RR4.P3.4-TED-CVD1-KCT -M3-S3-0001 | O103: Nhóm BIM | P103: 120 | Q103: 300 | R103: 300 | S103: Nhóm thực hiện BIM | T103: 30 | U103: 300 | V103: 300
D104: Gối, khe co giãn, lan can | E104: Mô hình 3D | F104: IFC | G104: RR4.P3.4 | H104: TED | I104: CVD1 | J104: MIS | K104: M3 | L104: S3 | M104: 0001 | N104: =IF(G104="","-",CONCATENATE(G104,"-",H104,"-",I104,"-",J104,"-",K104,"-",L104,"-",M104)) -> RR4.P3.4-TED-CVD1-MIS-M3-S3-0001 | O104: Nhóm BIM | P104: 120 | Q104: 300 | R104: 300 | S104: Nhóm thực hiện BIM | T104: 30 | U104: 300 | V104: 300
...
